BILL_NUM;BILL_TYPE;BILL_CAT;BILL_DATE;COMP_CODE;CREATEDON;BIL_H_CNT;GN_CUSTOM;CUST_GROUP;DISTR_CHAN;DOC_CATEG;DOC_CURRCY;EXRATE_ACC;FISCVARNT;GN_R3_SSY;LOC_CURRCY;PAYER;RATE_TYPE;RECORDMODE;SALESEMPLY;SALESORG;SALES_DIST;SOLD_TO;STAT_CURR
140500;KZ;I;2013-02-18;800;2013-12-01;6;SOCIALCIRCLE-ENGINEERING;C8;1;H;RUB;;K4;;RON;26906240;195646588;;55311;GE10;1;55311;GEL
140501;KZ;I;2013-07-10;800;2013-12-01;1;SOCIALCIRCLE-ENGINEERING;C3;1;H;RUB;;K4;;RUB;22050517;187986241;;55311;GE10;1;55311;RUB
140502;KZ;I;2013-10-16;700;2013-11-10;3;SOCIALCIRCLE-ENGINEERING;C4;1;H;RUB;;K4;;RUB;22050517;156346171;;55311;GE10;1;55311;RUB
140503;M;I;2013-10-16;800;2013-06-22;8;SOCIALCIRCLE-ENGINEERING;C4;1;B;KZT;;K4;;RUB;22050517;165408016;;55311;GE10;1;55311;KZT
140504;KZ;I;2013-10-16;500;2013-06-22;2;SOCIALCIRCLE-ENGINEERING;C1;1;H;KZT;;K4;;KZT;22050517;165408016;;55311;GE10;1;55311;KZT
140505;M;I;2013-09-18;700;2013-06-22;3;SOCIALCIRCLE-ENGINEERING;C4;1;H;KZT;;K4;;KZT;22050517;197674896;;55311;140;1;55311;KZT
140506;KZ;I;2013-06-21;500;2013-06-22;3;SOCIALCIRCLE-ENGINEERING;C5;1;H;KZT;;K4;;KZT;22050517;162346443;;55311;140;1;55311;KZT
140507;KZ;I;2013-11-05;200;2013-06-22;7;SOCIALCIRCLE-ENGINEERING;C1;1;H;KZT;;K4;;KZT;10143818;194879962;;55311;140;1;55311;KZT
140508;M;I;2013-06-11;300;2013-06-22;8;SOCIALCIRCLE-ENGINEERING;C4;1;G;KZT;;K4;;KZT;10143818;194879962;;50027;140;1;50027;KZT
140509;M;I;2013-08-15;800;2013-01-30;5;SOCIALCIRCLE-ENGINEERING;C2;1;C;UAH;;K4;;KZT;10143818;131371358;;50027;140;1;50027;KZT
140510;KZ;I;2013-08-15;700;2013-01-30;5;SOCIALCIRCLE-ENGINEERING;C5;1;C;UAH;;K4;;UAH;10143818;131371358;;51110;140;1;51110;UAH
140511;KZ;I;2013-01-13;200;2013-01-30;2;ALMA-FURNISHINGS;C1;1;C;UAH;;K4;;UAH;10143818;210560381;;51110;140;1;51110;UAH
140512;KZ;I;2013-01-13;800;2013-01-30;7;ROCKMART-INDUSTRIES;C4;1;C;UAH;;K4;;UAH;10143818;210560381;;51110;140;1;51110;UAH
140513;KZ;I;2013-10-23;800;2013-01-30;7;ROCKMART-INDUSTRIES;C1;1;C;EUR;;K4;;UAH;10143818;141245727;;51110;RO10;1;51110;GEL
140514;M;I;2013-10-23;800;2013-01-30;1;GRAY-SOFTWARE;C2;1;C;EUR;;K4;;EUR;10143818;176423521;;58920;GE10;1;58920;EUR
140515;M;I;2013-02-22;700;2013-01-30;4;GRAY-SOFTWARE;C3;1;C;EUR;;K4;;EUR;29756784;171823752;;58920;GE10;1;58920;EUR
140516;M;I;2013-09-04;200;2013-07-20;8;GRAY-SOFTWARE;C1;1;C;EUR;;K4;;EUR;29756784;132765745;;58920;RU11;1;58920;RUB
140517;KZ;I;2013-01-17;700;2013-07-20;4;GRAY-SOFTWARE;C3;1;C;EUR;;K4;;EUR;29756784;190375203;;55145;RU11;1;55145;PLN
140518;M;I;2013-11-06;300;2013-07-20;6;GRAY-SOFTWARE;C2;1;C;EUR;;K4;;EUR;29756784;127999600;;55342;RU11;1;55342;RUB
140519;KZ;I;2013-11-06;700;2013-07-20;4;GRAY-SOFTWARE;C6;9;C;EUR;;K4;;EUR;29756784;208275821;;55342;RU11;1;55342;EUR
140520;M;I;2013-11-06;700;2013-07-20;9;GRAY-SOFTWARE;C2;1;B;EUR;;K4;;EUR;29756784;154553479;;51038;UA10;1;51038;EUR
140521;M;I;2013-11-06;300;2013-07-20;1;GRAY-SOFTWARE;C3;1;B;EUR;;K4;;EUR;29756784;154553479;;51800;UA10;1;51800;EUR
140522;KZ;I;2013-11-06;200;2013-07-20;5;GRAY-SOFTWARE;C1;1;L;RUB;;K4;;EUR;29756784;206715556;;51800;UA10;1;51800;EUR
140523;M;I;2013-11-06;200;2013-07-20;8;LANIER-MANUFACTURING;C6;1;L;SEK;;K4;;RUB;29756784;190039583;;54191;10;1;54191;RUB
140524;KZ;I;2013-05-31;600;2013-07-20;6;LANIER-MANUFACTURING;C6;1;H;SEK;;K4;;SEK;28253798;115780329;;53391;NL11;1;53391;GBP
140525;KZ;I;2013-05-31;400;2013-07-20;3;LANIER-MANUFACTURING;C2;1;H;SEK;;K4;;SEK;28253798;115780329;;53391;BE10;1;53391;SEK
140526;KZ;I;2013-09-29;400;2013-07-20;3;LANIER-MANUFACTURING;C6;1;H;SEK;;K4;;SEK;28253798;205771404;;53391;BE10;1;53391;SEK
140527;M;I;2013-04-25;300;2013-07-20;7;SOCIALCIRCLE-DEVELOPMENT;C4;1;H;SEK;;K4;;SEK;28253798;114141969;;53391;BE10;1;53391;SEK
140528;KZ;I;2013-04-25;700;2013-07-20;6;SOCIALCIRCLE-DEVELOPMENT;C6;1;C;SEK;;K4;;SEK;28253798;205011071;;53391;GB10;1;53391;SEK
140529;KZ;I;2013-09-27;700;2013-07-20;9;SOCIALCIRCLE-DEVELOPMENT;C5;1;C;SEK;;K4;;SEK;28253798;117340113;;53391;GB10;1;53391;EUR
140530;M;I;2013-11-24;100;2013-07-20;1;BROOKS-TRAVEL;C2;1;H;SEK;;K4;;SEK;28253798;115123010;;53391;GB10;1;53391;KZT
140531;KZ;I;2013-04-14;200;2013-07-20;1;KITE-MOTORS;C2;9;H;SEK;;K4;;SEK;20306666;117843975;;53391;RO10;1;53391;SEK
140532;KZ;I;2013-04-14;700;2013-07-20;3;KITE-MOTORS;C8;1;H;SEK;;K4;;SEK;20306666;117843975;;53391;RO10;1;53391;SEK
140533;KZ;I;2013-09-08;600;2013-07-20;4;KITE-MOTORS;C4;1;C;SEK;;K4;;SEK;20306666;226690482;;53391;RO10;1;53391;SEK
140534;M;I;2013-09-08;500;2013-07-20;3;TWINCITY-SOFTWARE;C7;1;H;SEK;;K4;;SEK;20306666;221628800;;53391;RO10;1;53391;SEK
140535;M;I;2013-06-12;100;2013-07-20;4;TWINCITY-SOFTWARE;C2;1;H;SEK;;K4;;SEK;20306666;113708920;;53391;GB10;1;53391;SEK
140536;M;I;2013-11-03;100;2013-07-20;4;TWINCITY-SOFTWARE;C3;1;H;SEK;;K4;;SEK;20306666;226010409;;53391;GB10;1;53391;SEK
140537;M;I;2013-11-19;600;2013-07-20;5;TWINCITY-SOFTWARE;C6;9;H;SEK;;K4;;SEK;20306666;209715063;;53391;GB10;1;53391;SEK
140538;M;I;2013-11-19;700;2013-07-20;9;TWINCITY-SOFTWARE;C8;1;H;SEK;;K4;;SEK;20306666;134865455;;53902;SE10;1;53902;SEK
140539;M;I;2013-11-19;400;2013-07-20;5;TWINCITY-SOFTWARE;C7;1;B;SEK;;K4;;SEK;24991435;205300669;;53902;SE10;1;53902;SEK
140540;M;I;2013-11-19;200;2013-07-20;7;TWINCITY-SOFTWARE;C5;1;B;SEK;;K4;;SEK;24991435;205300669;;53902;10;1;53902;SEK
140541;M;I;2013-12-17;700;2013-07-20;3;BROOKLET-REALTY;C2;1;B;SEK;;K4;;SEK;24991435;182186755;;53902;10;1;53902;SEK
140542;M;I;2013-11-11;500;2013-07-20;1;BROOKLET-REALTY;C8;1;B;SEK;;K4;;SEK;24991435;228274392;;53902;PL10;1;53902;SEK
140543;M;I;2013-11-11;700;2013-07-20;3;BROOKLET-REALTY;C6;1;B;RON;;K4;;SEK;24991435;153651646;;53902;PL10;1;53902;SEK
140544;M;I;2013-11-11;700;2013-07-20;5;BROOKLET-REALTY;C3;1;B;KZT;;K4;;RON;11127864;133249899;;53902;PL10;1;53902;EUR
140545;M;I;2013-11-11;100;2013-11-09;2;BROOKLET-REALTY;C1;1;B;KZT;;K4;;KZT;29292220;133249899;;52655;GB10;1;52655;GBP
140546;KZ;I;2013-11-11;100;2013-11-09;3;BROOKLET-REALTY;C7;1;B;KZT;;K4;;KZT;29292220;133249899;;52655;GB10;1;52655;KZT
140547;KZ;I;2013-11-11;700;2013-11-09;8;BROOKLET-REALTY;C6;1;B;KZT;;K4;;KZT;29292220;133249899;;52655;GB10;1;52655;KZT
140548;KZ;I;2013-11-11;100;2013-11-09;5;WAYNESBORO-TEXTILES;C6;1;G;KZT;;K4;;KZT;28267370;133249899;;52655;GB10;1;52655;KZT
140549;KZ;I;2013-12-12;700;2013-11-09;3;WAYNESBORO-TEXTILES;C7;1;G;KZT;;K4;;KZT;20088712;225709930;;52655;GB10;1;52655;KZT
140550;KZ;I;2013-03-09;500;2013-11-09;2;WAYNESBORO-TEXTILES;C3;1;H;KZT;;K4;;KZT;16842929;207055919;;52655;GB10;1;52655;KZT
140551;KZ;I;2013-03-09;300;2013-11-09;8;GLENNVILLE-MOTORS;C4;1;H;KZT;;K4;;KZT;16842929;207055919;;56833;GB10;1;56833;KZT
140552;KZ;I;2013-03-09;100;2013-11-09;2;GLENNVILLE-MOTORS;C1;1;H;SEK;;K4;;KZT;16842929;142561298;;59934;GB10;1;59934;KZT
140553;KZ;I;2013-07-27;600;2013-11-09;8;GLENNVILLE-MOTORS;C6;1;H;SEK;;K4;;SEK;25097427;185806095;;59934;GB10;1;59934;PLN
140554;KZ;I;2013-07-06;500;2013-11-09;2;GLENNVILLE-MOTORS;C4;1;H;SEK;;K4;;SEK;25097427;147894534;;59934;GB10;1;59934;UAH
140555;KZ;I;2013-07-06;200;2013-11-09;8;GLENNVILLE-MOTORS;C5;9;H;KZT;;K4;;SEK;25097427;158254645;;59934;GB10;1;59934;SEK
140556;KZ;I;2013-09-29;600;2013-11-09;2;GLENNVILLE-MOTORS;C6;1;H;KZT;;K4;;KZT;25097427;211495220;;59934;GB10;1;59934;RON
140557;KZ;I;2013-03-12;500;2013-11-09;2;BERKELEYLAKE-OFFICESUPPLIES;C4;1;H;KZT;;K4;;KZT;25097427;211495220;;53131;GB30;1;53131;KZT
140558;KZ;I;2013-04-26;600;2013-11-09;9;BERKELEYLAKE-OFFICESUPPLIES;C8;1;H;KZT;;K4;;KZT;10390151;207581960;;53131;GB30;1;53131;KZT
140559;M;I;2013-02-14;700;2013-11-03;1;BERKELEYLAKE-OFFICESUPPLIES;C3;1;H;UAH;;K4;;KZT;10390151;117168579;;53131;GB30;1;53131;KZT
140560;M;I;2013-02-14;600;2013-11-03;3;BERKELEYLAKE-OFFICESUPPLIES;C1;1;H;UAH;;K4;;UAH;10390151;117168579;;53131;GB30;1;53131;UAH
140561;KZ;I;2013-01-01;300;2013-11-03;3;BERKELEYLAKE-OFFICESUPPLIES;C6;1;H;UAH;;K4;;UAH;10390151;166703829;;53131;GB30;1;53131;KZT
140562;M;I;2014-12-30;300;2013-11-03;1;BERKELEYLAKE-OFFICESUPPLIES;C4;1;H;UAH;;K4;;UAH;10390151;214689501;;53131;RO10;1;53131;UAH
140563;KZ;I;2013-08-06;600;2013-02-25;8;BERKELEYLAKE-OFFICESUPPLIES;C4;1;H;UAH;;K4;;UAH;23008068;214689501;;53131;SE10;1;53131;UAH
140564;KZ;I;2013-08-06;300;2013-03-29;3;BERKELEYLAKE-OFFICESUPPLIES;C6;1;H;UAH;;K4;;UAH;23008068;168531267;;53131;SE10;1;53131;UAH
140565;KZ;I;2013-08-06;800;2013-03-29;7;BERKELEYLAKE-OFFICESUPPLIES;C2;9;H;PLN;;K4;;UAH;23008068;147115480;;53131;UA10;1;53131;UAH
140566;KZ;I;2013-08-06;400;2013-04-02;9;RIDGEVILLE-REALTY;C4;1;H;PLN;;K4;;PLN;20186218;147115480;;53131;UA10;1;53131;PLN
140567;M;I;2013-09-02;300;2013-04-02;9;RIDGEVILLE-REALTY;C7;1;H;EUR;;K4;;PLN;23815996;147115480;;53131;UA10;1;53131;PLN
140568;M;I;2013-08-20;700;2013-04-02;6;RIDGEVILLE-REALTY;C4;1;H;EUR;;K4;;EUR;27423013;147115480;;53131;UA10;1;53131;EUR
140569;M;I;2013-08-20;700;2013-04-02;8;LUMBERCITY-OFFICESUPPLIES;C2;1;H;RUB;;K4;;EUR;27423013;201339140;;53131;BE10;1;53131;EUR
140570;KZ;I;2013-08-20;400;2013-04-02;1;ATTAPULGUS-INSURANCE;C7;1;H;RUB;;K4;;RUB;27423013;201339140;;53131;RU11;1;53131;RUB
140571;M;I;2013-06-25;200;2013-04-02;8;ATTAPULGUS-INSURANCE;C8;1;H;RUB;;K4;;RUB;27423013;201339140;;53131;PL10;1;53131;RUB
140572;KZ;I;2013-07-07;400;2013-10-05;1;ATTAPULGUS-INSURANCE;C2;1;C;RUB;;K4;;RUB;27423013;199392562;;52791;PL10;1;52791;RUB
140573;KZ;I;2013-07-07;200;2013-11-21;2;ATTAPULGUS-INSURANCE;C7;1;C;RUB;;K4;;RUB;15439003;201701222;;59643;RU11;1;59643;RUB
140574;M;I;2013-06-25;100;2013-11-21;5;ATTAPULGUS-INSURANCE;C8;1;C;RON;;K4;;RUB;15439003;147220614;;59643;140;1;59643;GBP
140575;KZ;I;2013-02-14;100;2013-11-21;6;ATTAPULGUS-INSURANCE;C5;9;C;RON;;K4;;RON;21355700;186006813;;59643;140;1;59643;RUB
140576;KZ;I;2013-02-14;700;2013-11-21;8;ATTAPULGUS-INSURANCE;C4;1;C;RON;;K4;;RON;20570743;166401790;;59643;140;1;59643;RON
140577;M;I;2013-04-07;200;2013-11-21;2;ATTAPULGUS-INSURANCE;C4;1;C;RON;;K4;;RON;20570743;161541585;;59643;BE10;1;59643;RON
140578;KZ;I;2013-06-30;400;2013-11-21;2;ATTAPULGUS-INSURANCE;C6;9;H;RON;;K4;;RON;20570743;222420460;;59643;BE10;1;59643;GEL
140579;KZ;I;2013-06-30;800;2013-06-12;2;ATTAPULGUS-INSURANCE;C1;1;H;EUR;;K4;;RON;14169204;173770297;;59643;BE10;1;59643;RON
140580;KZ;I;2013-06-30;100;2013-06-12;3;ATTAPULGUS-INSURANCE;C3;1;H;EUR;;K4;;EUR;26134028;149795426;;59643;BE10;1;59643;EUR
140581;M;I;2013-12-06;100;2013-06-12;5;ATTAPULGUS-INSURANCE;C1;1;H;EUR;;K4;;EUR;26134028;217443657;;56936;GB10;1;56936;EUR
140582;M;I;2013-02-07;800;2013-06-12;3;ISLEOFHOPE-DUTCHISLAND-MANUFACTURING;C5;9;H;PLN;;K4;;EUR;27402534;217443657;;57708;GB10;1;57708;EUR
140583;KZ;I;2013-10-27;200;2013-06-12;3;ISLEOFHOPE-DUTCHISLAND-MANUFACTURING;C5;1;H;PLN;;K4;;PLN;13034297;217443657;;57708;GB10;1;57708;PLN
140584;KZ;I;2013-07-20;700;2013-06-12;9;ISLEOFHOPE-DUTCHISLAND-MANUFACTURING;C1;1;H;PLN;;K4;;PLN;29081785;142998531;;57708;GB10;1;57708;PLN
140585;M;I;2013-10-13;700;2013-06-12;8;ISLEOFHOPE-DUTCHISLAND-MANUFACTURING;C6;1;G;UAH;;K4;;PLN;29081785;122876076;;57708;GB10;1;57708;PLN
140586;KZ;I;2013-10-25;600;2013-06-12;4;ISLEOFHOPE-DUTCHISLAND-MANUFACTURING;C8;1;G;UAH;;K4;;UAH;12963946;129191305;;57708;GB10;1;57708;UAH
140587;M;I;2013-10-25;600;2013-10-30;5;NEWROCKHILL-DEVELOPMENT;C5;1;H;UAH;;K4;;UAH;12963946;207105112;;58792;GB10;1;58792;UAH
140588;M;I;2013-10-25;100;2013-10-30;8;NEWROCKHILL-DEVELOPMENT;C2;1;H;UAH;;K4;;UAH;12963946;207105112;;58792;GB30;1;58792;UAH
140589;KZ;I;2013-04-17;400;2013-10-30;4;NEWROCKHILL-DEVELOPMENT;C2;1;H;UAH;;K4;;UAH;14416551;183074879;;58792;GE10;1;58792;UAH
140590;KZ;I;2013-04-17;500;2013-10-30;2;NEWROCKHILL-DEVELOPMENT;C4;1;H;EUR;;K4;;UAH;14416551;166637105;;58792;GB10;1;58792;UAH
140591;M;I;2013-04-17;400;2013-10-30;8;NEWROCKHILL-DEVELOPMENT;C8;1;H;PLN;;K4;;EUR;24355845;155836688;;58792;GB10;1;58792;EUR
140592;KZ;I;2013-12-21;500;2013-10-30;2;NEWROCKHILL-DEVELOPMENT;C5;1;H;RON;;K4;;PLN;11396098;155836688;;51265;BE10;1;51265;PLN
140593;KZ;I;2013-08-12;400;2013-10-30;3;NEWROCKHILL-DEVELOPMENT;C2;1;H;RON;;K4;;RON;11396098;155836688;;54890;BE10;1;54890;RON
140594;M;I;2013-04-03;800;2013-02-10;6;NEWROCKHILL-DEVELOPMENT;C6;1;C;RON;;K4;;RON;28332657;155836688;;52581;BE10;1;52581;RON
140595;KZ;I;2013-04-03;300;2013-02-10;5;NEWROCKHILL-DEVELOPMENT;C3;1;C;RON;;K4;;RON;28332657;155836688;;53146;RO10;1;53146;RON
140596;KZ;I;2013-04-03;500;2013-02-10;5;NEWROCKHILL-DEVELOPMENT;C5;1;H;RON;;K4;;RON;21626207;155836688;;51820;RO10;1;51820;RON
140597;KZ;I;2013-04-03;700;2013-12-02;8;NEWROCKHILL-DEVELOPMENT;C2;1;H;RON;;K4;;RON;24356243;155836688;;51820;RO10;1;51820;RON
140598;KZ;I;2013-09-28;700;2013-12-02;6;NEWROCKHILL-DEVELOPMENT;C5;1;H;RON;;K4;;RON;11592704;218774660;;51820;GE10;1;51820;RON
140599;M;I;2013-09-28;400;2013-12-02;5;STONEMOUNTAIN-SERVICES;C6;1;H;RON;;K4;;RON;20984246;218774660;;51820;GE10;1;51820;RON
140600;KZ;I;2013-09-21;300;2013-12-02;7;STONEMOUNTAIN-SERVICES;C6;9;B;RON;;K4;;RON;13381572;218774660;;51820;GB10;1;51820;RON
140601;KZ;I;2013-09-21;500;2013-12-02;3;STONEMOUNTAIN-SERVICES;C6;1;B;RON;;K4;;RON;13381572;218774660;;50035;GB10;1;50035;GBP
140602;KZ;I;2013-09-21;400;2013-10-04;3;STONEMOUNTAIN-SERVICES;C4;9;B;RON;;K4;;RON;13381572;211558024;;59061;GB10;1;59061;RON
140603;M;I;2013-09-10;200;2013-10-04;3;STONEMOUNTAIN-SERVICES;C8;1;B;RON;;K4;;RON;13381572;211558024;;59061;GB10;1;59061;RON
140604;M;I;2013-04-29;100;2013-10-04;2;STONEMOUNTAIN-SERVICES;C2;1;B;EUR;;K4;;RON;13381572;211558024;;50398;GB10;1;50398;RON
140605;KZ;I;2013-10-13;800;2013-10-04;9;STONEMOUNTAIN-SERVICES;C7;1;B;EUR;;K4;;EUR;16604868;116553571;;52348;GB10;1;52348;EUR
140606;KZ;I;2013-10-13;400;2013-10-04;1;STONEMOUNTAIN-SERVICES;C8;1;B;EUR;;K4;;EUR;21817481;116553571;;50883;GB10;1;50883;EUR
140607;KZ;I;2013-02-01;100;2013-10-04;6;STONEMOUNTAIN-SERVICES;C6;1;C;EUR;;K4;;EUR;20045772;168892816;;50883;GB10;1;50883;EUR
140608;KZ;I;2013-05-21;700;2013-10-04;8;STONEMOUNTAIN-SERVICES;C7;1;G;EUR;;K4;;EUR;20045772;136382604;;56426;GB10;1;56426;EUR
140609;KZ;I;2013-05-21;600;2013-10-04;8;STONEMOUNTAIN-SERVICES;C3;1;G;RON;;K4;;EUR;20045772;189149329;;56426;GB10;1;56426;EUR
140610;M;I;2013-05-21;400;2013-03-07;8;STONEMOUNTAIN-SERVICES;C5;1;G;RON;;K4;;RON;10951709;183419323;;56006;GB10;1;56006;RON
140611;M;I;2013-09-11;700;2013-07-10;9;STONEMOUNTAIN-SERVICES;C3;1;G;RON;;K4;;RON;10951709;224466018;;53660;GB10;1;53660;RON
140612;M;I;2013-09-11;800;2013-07-10;9;DAHLONEGA-MEDICALSUPPLIES;C8;1;G;RON;;K4;;RON;10951709;224466018;;53660;RO60;1;53660;RON
140613;KZ;I;2013-01-26;600;2013-07-10;2;DAHLONEGA-MEDICALSUPPLIES;C1;1;H;RON;;K4;;RON;10951709;122596208;;53660;RO60;1;53660;RON
140614;M;I;2013-08-05;400;2013-07-10;4;DAHLONEGA-MEDICALSUPPLIES;C7;1;H;RON;;K4;;RON;10951709;122596208;;52151;GB10;1;52151;RUB
140615;KZ;I;2013-05-07;700;2013-12-29;7;DAHLONEGA-MEDICALSUPPLIES;C5;1;H;RON;;K4;;RON;24545700;115340392;;50201;GB10;1;50201;RON
140616;KZ;I;2013-05-07;400;2013-06-01;9;OCHLOCKNEE-GYMNASIUM;C8;1;H;RON;;K4;;RON;24545700;115340392;;50201;GB10;1;50201;RON
140617;KZ;I;2013-05-07;800;2013-07-07;3;OCHLOCKNEE-GYMNASIUM;C8;1;C;RON;;K4;;RON;24545700;138947388;;56369;BE10;1;56369;KZT
140618;KZ;I;2013-11-28;500;2013-10-14;9;OCHLOCKNEE-GYMNASIUM;C3;1;C;RON;;K4;;RON;24545700;181020826;;50705;RO60;1;50705;RON
140619;KZ;I;2013-10-31;300;2013-10-14;8;OCHLOCKNEE-GYMNASIUM;C7;1;C;RON;;K4;;RON;16324444;190627755;;50705;RO60;1;50705;RON
140620;M;I;2013-10-31;100;2013-10-14;3;HOLLYSPRINGS-DEVELOPMENT;C7;1;C;RON;;K4;;RON;29095826;190627755;;57652;KZ10;1;57652;RON
140621;M;I;2013-07-04;200;2013-08-28;1;HOLLYSPRINGS-DEVELOPMENT;C7;1;H;UAH;;K4;;RON;15430095;147429580;;57652;KZ10;1;57652;KZT
140622;M;I;2013-07-04;500;2013-08-28;6;BROXTON-PROSERVICES;C8;1;H;GBP;;K4;;UAH;15430095;147429580;;57652;KZ10;1;57652;UAH
140623;M;I;2013-07-04;200;2013-08-28;1;BROXTON-PROSERVICES;C2;9;L;PLN;;K4;;GBP;24334638;138166957;;57652;KZ10;1;57652;KZT
140624;M;I;2013-07-04;200;2013-10-30;6;LOVEJOY-PROSERVICES;C7;1;L;KZT;;K4;;PLN;13137218;138166957;;57652;KZ10;1;57652;PLN
140625;KZ;I;2013-10-20;800;2013-04-19;7;LOVEJOY-PROSERVICES;C8;9;L;KZT;;K4;;KZT;13137218;122083981;;52398;GB30;1;52398;KZT
140626;M;I;2013-09-05;800;2013-09-19;2;LOVEJOY-PROSERVICES;C8;1;L;KZT;;K4;;KZT;13137218;228454024;;52398;GB30;1;52398;KZT
140627;M;I;2013-09-05;700;2013-05-04;5;LOVEJOY-PROSERVICES;C8;1;L;KZT;;K4;;KZT;12735186;228454024;;59879;GB30;1;59879;SEK
140628;M;I;2013-09-05;400;2013-05-04;4;CORNELIA-BAKERY;C2;9;L;KZT;;K4;;KZT;12735186;203335917;;59879;GB30;1;59879;RON
140629;M;I;2013-09-05;800;2013-05-04;4;CORNELIA-BAKERY;C7;1;L;KZT;;K4;;KZT;12735186;155212445;;59879;GB30;1;59879;KZT
140630;M;I;2013-09-05;200;2013-05-04;9;CORNELIA-BAKERY;C3;1;L;KZT;;K4;;KZT;24569474;155212445;;59879;RO60;1;59879;KZT
140631;M;I;2013-05-15;500;2013-05-04;3;CORNELIA-BAKERY;C2;1;L;KZT;;K4;;KZT;24569474;194673341;;57293;RO60;1;57293;KZT
140632;M;I;2013-05-15;600;2013-05-23;3;CORNELIA-BAKERY;C3;1;L;KZT;;K4;;KZT;10512205;189400729;;57293;RO60;1;57293;KZT
140633;KZ;I;2013-05-15;400;2013-05-23;3;CORNELIA-BAKERY;C6;1;L;KZT;;K4;;KZT;10512205;189400729;;53485;GB10;1;53485;KZT
140634;KZ;I;2013-09-20;300;2013-05-23;8;CORNELIA-BAKERY;C3;1;L;KZT;;K4;;KZT;10512205;180241881;;53485;GB10;1;53485;KZT
140635;KZ;I;2013-09-20;700;2013-06-11;1;CORNELIA-BAKERY;C8;1;L;SEK;;K4;;KZT;16238787;162812512;;53485;SE10;1;53485;KZT
140636;KZ;I;2013-09-20;800;2013-06-11;8;CORNELIA-BAKERY;C4;1;L;SEK;;K4;;SEK;24881561;126809019;;53485;GE10;1;53485;KZT
140637;M;I;2013-09-20;500;2013-06-11;6;CORNELIA-BAKERY;C4;1;H;SEK;;K4;;SEK;24881561;126809019;;58895;GE10;1;58895;SEK
140638;M;I;2013-01-06;500;2013-06-11;8;CORNELIA-BAKERY;C2;1;H;SEK;;K4;;SEK;24881561;126809019;;58895;GE10;1;58895;SEK
140639;KZ;I;2013-01-06;100;2013-06-11;8;HOPEULIKIT-MEDICALSUPPLIES;C7;1;H;SEK;;K4;;SEK;24881561;113555440;;58895;GE10;1;58895;RUB
140640;M;I;2013-02-12;300;2013-04-04;2;HOPEULIKIT-MEDICALSUPPLIES;C3;1;H;GBP;;K4;;SEK;24881561;133458405;;58895;10;1;58895;SEK
140641;KZ;I;2013-02-12;500;2013-04-04;4;HOPEULIKIT-MEDICALSUPPLIES;C7;1;C;GBP;;K4;;GBP;24881561;129976762;;58895;10;1;58895;GBP
140642;KZ;I;2013-02-12;300;2013-04-04;8;HOPEULIKIT-MEDICALSUPPLIES;C3;1;C;GBP;;K4;;GBP;21591047;139092177;;58895;10;1;58895;GBP
140643;M;I;2013-02-12;500;2013-08-04;3;HOPEULIKIT-MEDICALSUPPLIES;C8;1;C;GBP;;K4;;GBP;21591047;219377618;;58895;PL10;1;58895;SEK
140644;KZ;I;2013-03-14;600;2013-11-24;4;HOPEULIKIT-MEDICALSUPPLIES;C6;1;C;GBP;;K4;;GBP;21591047;219377618;;58895;PL10;1;58895;GBP
140645;KZ;I;2013-03-14;800;2013-11-24;7;HOPEULIKIT-MEDICALSUPPLIES;C8;1;C;RON;;K4;;GBP;21591047;218104217;;57140;RO30;1;57140;GBP
140646;M;I;2013-01-08;300;2013-11-24;1;HOPEULIKIT-MEDICALSUPPLIES;C1;1;C;GEL;;K4;;RON;21591047;191435191;;57140;RO30;1;57140;RON
140647;KZ;I;2013-08-25;600;2013-11-24;9;HOPEULIKIT-MEDICALSUPPLIES;C7;1;C;GEL;;K4;;GEL;21591047;122245981;;57140;RO30;1;57140;GEL
140648;KZ;I;2013-04-10;300;2013-11-24;7;HOPEULIKIT-MEDICALSUPPLIES;C3;1;H;GEL;;K4;;GEL;21591047;122245981;;58174;10;1;58174;GEL
140649;M;I;2013-04-10;500;2013-11-24;3;HOPEULIKIT-MEDICALSUPPLIES;C6;1;H;GEL;;K4;;GEL;21591047;122245981;;58174;GE10;1;58174;GEL
140650;M;I;2013-04-10;400;2013-02-04;6;HOPEULIKIT-MEDICALSUPPLIES;C4;1;H;GEL;;K4;;GEL;21591047;185030149;;58174;GE10;1;58174;GBP
140651;M;I;2013-02-27;100;2013-02-04;8;HOPEULIKIT-MEDICALSUPPLIES;C2;1;H;UAH;;K4;;GEL;21591047;162087258;;59505;GE10;1;59505;GEL
140652;M;I;2013-03-05;500;2013-02-04;4;HOPEULIKIT-MEDICALSUPPLIES;C5;1;H;UAH;;K4;;UAH;21591047;179222965;;59505;GE10;1;59505;UAH
140653;M;I;2013-08-24;400;2013-02-04;1;HOPEULIKIT-MEDICALSUPPLIES;C2;1;H;EUR;;K4;;UAH;21591047;160989074;;59505;SE10;1;59505;GEL
140654;KZ;I;2013-08-24;700;2013-02-04;2;HOPEULIKIT-MEDICALSUPPLIES;C1;1;H;EUR;;K4;;EUR;21591047;160989074;;59505;SE10;1;59505;EUR
140655;KZ;I;2013-08-24;100;2013-11-04;1;HOPEULIKIT-MEDICALSUPPLIES;C1;9;H;EUR;;K4;;EUR;21591047;118362610;;59505;SE10;1;59505;EUR
140656;KZ;I;2013-08-24;500;2013-11-04;8;HOPEULIKIT-MEDICALSUPPLIES;C7;1;H;EUR;;K4;;EUR;21591047;164638362;;59505;SE10;1;59505;EUR
140657;KZ;I;2013-10-12;300;2013-10-23;3;HOPEULIKIT-MEDICALSUPPLIES;C4;1;H;EUR;;K4;;EUR;21591047;160294701;;59505;SE10;1;59505;EUR
140658;KZ;I;2013-06-18;300;2013-10-23;6;HOPEULIKIT-MEDICALSUPPLIES;C2;1;H;KZT;;K4;;EUR;21591047;133908041;;59505;RU10;1;59505;EUR
140659;M;I;2013-02-11;300;2013-10-23;3;TIFTON-TEXTILES;C6;9;H;KZT;;K4;;KZT;21591047;133908041;;53494;GE10;1;53494;SEK
140660;KZ;I;2013-06-15;600;2013-10-23;7;TIFTON-TEXTILES;C7;1;C;KZT;;K4;;KZT;15786520;198770313;;53494;GE10;1;53494;KZT
140661;KZ;I;2013-06-15;300;2013-10-23;3;TIFTON-TEXTILES;C5;1;C;KZT;;K4;;KZT;15786520;127266037;;53494;GE10;1;53494;KZT
140662;M;I;2013-01-17;400;2013-10-23;7;HOMER-LANDSCAPING;C8;1;C;KZT;;K4;;KZT;15786520;187767641;;57915;GE10;1;57915;KZT
140663;M;I;2013-01-17;700;2013-10-23;3;HOMER-LANDSCAPING;C4;9;C;KZT;;K4;;KZT;15786520;217444268;;57915;KZ10;1;57915;PLN
140664;KZ;I;2013-01-17;400;2013-05-29;5;HOMER-LANDSCAPING;C8;1;C;KZT;;K4;;KZT;15786520;182371949;;57915;KZ10;1;57915;PLN
140665;M;I;2013-01-17;500;2013-05-29;3;HOMER-LANDSCAPING;C1;1;L;KZT;;K4;;KZT;23143061;182371949;;57915;KZ10;1;57915;KZT
140666;M;I;2013-07-25;800;2013-05-29;4;HOMER-LANDSCAPING;C3;1;L;RUB;;K4;;KZT;23143061;185333671;;52420;KZ10;1;52420;GEL
140667;KZ;I;2013-02-23;500;2013-06-10;5;HOMER-LANDSCAPING;C2;1;B;KZT;;K4;;RUB;23143061;126909432;;54260;KZ10;1;54260;RUB
140668;M;I;2013-03-29;500;2013-06-10;7;HOMER-LANDSCAPING;C3;1;C;KZT;;K4;;KZT;23143061;126909432;;54260;RO30;1;54260;KZT
140669;M;I;2013-03-29;300;2013-06-10;5;HOMER-LANDSCAPING;C2;1;C;EUR;;K4;;KZT;21292706;126909432;;54260;GB30;1;54260;KZT
140670;M;I;2013-03-29;500;2013-06-10;7;HOMER-LANDSCAPING;C3;1;C;UAH;;K4;;EUR;27675311;227241987;;54260;GB30;1;54260;EUR
140671;M;I;2013-03-29;500;2013-06-10;5;HOMER-LANDSCAPING;C5;1;C;UAH;;K4;;UAH;22967922;181209826;;57930;GB30;1;57930;UAH
140672;KZ;I;2013-12-19;300;2013-06-10;2;DOERUN-ACCOUNTING;C6;1;C;UAH;;K4;;UAH;22967922;181209826;;57930;NL11;1;57930;UAH
140673;M;I;2013-03-31;600;2013-06-10;2;DOERUN-ACCOUNTING;C1;1;G;UAH;;K4;;UAH;22967922;195014063;;57930;NL11;1;57930;UAH
140674;M;I;2013-03-31;400;2013-06-10;2;DOERUN-ACCOUNTING;C8;9;G;UAH;;K4;;UAH;22967922;201325352;;53958;NL11;1;53958;SEK
140675;M;I;2013-06-12;300;2014-12-30;4;DOERUN-ACCOUNTING;C6;1;C;UAH;;K4;;UAH;22967922;201325352;;53958;RO60;1;53958;UAH
140676;KZ;I;2013-03-18;500;2014-12-30;4;LAKELAND-DEVELOPMENT;C5;1;C;UAH;;K4;;UAH;22967922;158461305;;53958;RO60;1;53958;UAH
140677;M;I;2013-12-28;300;2014-12-30;1;LAKELAND-DEVELOPMENT;C6;1;C;UAH;;K4;;UAH;14767994;209304683;;53958;RO60;1;53958;UAH
140678;M;I;2013-12-28;700;2013-07-31;5;LAKELAND-DEVELOPMENT;C8;1;C;UAH;;K4;;UAH;14767994;209304683;;52365;RO60;1;52365;UAH
140679;M;I;2013-12-28;100;2013-07-31;2;LAKELAND-DEVELOPMENT;C5;1;C;UAH;;K4;;UAH;24112305;209304683;;52365;RO60;1;52365;UAH
140680;M;I;2013-03-24;700;2013-07-31;2;LAKELAND-DEVELOPMENT;C6;1;C;UAH;;K4;;UAH;24112305;126570472;;52365;RO60;1;52365;EUR
140681;M;I;2013-12-28;200;2013-07-31;6;LAKELAND-DEVELOPMENT;C2;1;C;UAH;;K4;;UAH;24112305;204039544;;55157;RO60;1;55157;UAH
140682;KZ;I;2013-09-02;500;2013-07-31;2;LAKELAND-DEVELOPMENT;C4;1;C;GEL;;K4;;UAH;24112305;154251643;;55157;RO60;1;55157;UAH
140683;KZ;I;2013-09-02;600;2013-07-31;6;LAKELAND-DEVELOPMENT;C2;1;C;GEL;;K4;;GEL;24112305;227457032;;55157;RO60;1;55157;GEL
140684;KZ;I;2013-04-21;500;2013-09-22;1;LAKELAND-DEVELOPMENT;C1;1;C;GEL;;K4;;GEL;24112305;227457032;;55157;RO60;1;55157;UAH
140685;M;I;2013-04-21;400;2013-09-22;6;LAKELAND-DEVELOPMENT;C7;1;C;GEL;;K4;;GEL;27609119;158649366;;55157;RU11;1;55157;GEL
140686;M;I;2013-04-21;600;2013-07-31;8;ST.SIMONSISLAND-DEVELOPMENT;C5;1;C;GEL;;K4;;GEL;12279248;158649366;;52154;RU11;1;52154;GEL
140687;KZ;I;2013-04-21;500;2013-09-10;7;WARRENTON-MEDICALSUPPLIES;C6;1;C;GEL;;K4;;GEL;12279248;222684277;;52154;RU11;1;52154;GEL
140688;M;I;2013-04-21;500;2013-09-10;4;WARRENTON-MEDICALSUPPLIES;C4;1;C;GEL;;K4;;GEL;12279248;178247334;;52154;RU11;1;52154;GEL
140689;KZ;I;2013-04-21;100;2013-09-10;6;WARRENTON-MEDICALSUPPLIES;C3;1;C;GEL;;K4;;GEL;12279248;178247334;;52154;RO10;1;52154;GEL
140690;M;I;2013-05-15;200;2013-09-10;1;WARRENTON-MEDICALSUPPLIES;C6;9;L;GEL;;K4;;GEL;12279248;178247334;;52154;RO10;1;52154;GEL
140691;M;I;2013-06-17;500;2013-09-10;5;MILLEN-TRAVEL;C4;1;L;GEL;;K4;;GEL;13436442;219400136;;52154;PL10;1;52154;EUR
140692;M;I;2013-03-08;400;2013-09-10;1;MILLEN-TRAVEL;C8;9;L;GEL;;K4;;GEL;18382850;219400136;;52154;SE10;1;52154;GEL
140693;KZ;I;2013-08-01;400;2013-09-10;6;MILLEN-TRAVEL;C5;9;L;GEL;;K4;;GEL;18382850;119844016;;52154;PL10;1;52154;GEL
140694;M;I;2013-07-04;500;2013-04-02;5;MILLEN-TRAVEL;C5;1;L;GEL;;K4;;GEL;18382850;214696993;;59903;UA10;1;59903;GEL
140695;KZ;I;2013-05-15;800;2013-04-02;2;MILLEN-TRAVEL;C2;1;L;EUR;;K4;;GEL;18382850;214696993;;59903;UA10;1;59903;GEL
140696;M;I;2013-09-30;200;2013-04-02;2;MILLEN-TRAVEL;C3;1;L;EUR;;K4;;EUR;18382850;207799923;;59903;NL11;1;59903;EUR
140697;KZ;I;2013-09-30;400;2013-04-02;8;MILLEN-TRAVEL;C5;1;H;EUR;;K4;;EUR;13003945;131640781;;59903;UA10;1;59903;EUR
140698;KZ;I;2013-09-30;700;2013-04-02;9;GROVETOWN-BAKERY;C2;1;H;EUR;;K4;;EUR;13003945;131640781;;56465;UA10;1;56465;EUR
140699;KZ;I;2013-07-15;300;2013-04-02;8;LITHONIA-BAKERY;C8;1;H;EUR;;K4;;EUR;13003945;131640781;;51346;PL10;1;51346;EUR
140700;KZ;I;2013-11-18;500;2013-04-02;4;LITHONIA-BAKERY;C1;1;C;EUR;;K4;;EUR;13003945;144806992;;51346;PL10;1;51346;EUR
140701;KZ;I;2013-03-10;700;2013-04-02;3;WHIGHAM-STUDIOS;C1;1;C;EUR;;K4;;EUR;13003945;170152896;;51346;GE10;1;51346;EUR
140702;M;I;2013-05-26;100;2013-04-02;8;WHIGHAM-STUDIOS;C8;1;C;EUR;;K4;;EUR;18550771;188259590;;55623;PL10;1;55623;EUR
140703;KZ;I;2013-05-26;300;2013-09-09;5;WHIGHAM-STUDIOS;C3;9;C;EUR;;K4;;EUR;18550771;197036572;;55623;KZ10;1;55623;RUB
140704;M;I;2013-04-09;300;2013-09-09;8;COLESBURG-ENGINEERING;C4;1;C;EUR;;K4;;EUR;18550771;197036572;;55623;KZ10;1;55623;EUR
140705;M;I;2013-04-09;800;2013-09-09;6;COLESBURG-ENGINEERING;C3;1;C;KZT;;K4;;EUR;11345831;197036572;;55623;KZ10;1;55623;EUR
140706;KZ;I;2013-04-09;400;2013-09-09;9;COLESBURG-ENGINEERING;C2;1;C;KZT;;K4;;KZT;11345831;152643711;;55623;RU10;1;55623;KZT
140707;M;I;2013-12-09;300;2013-09-09;1;WALTHOURVILLE-DEVELOPMENT;C6;1;H;KZT;;K4;;KZT;11345831;110554450;;55623;GB10;1;55623;KZT
140708;M;I;2013-11-01;700;2013-09-09;9;WALTHOURVILLE-DEVELOPMENT;C3;1;H;KZT;;K4;;KZT;11345831;163405651;;55623;GE10;1;55623;RON
140709;KZ;I;2013-01-17;200;2013-09-09;7;WALTHOURVILLE-DEVELOPMENT;C2;1;H;KZT;;K4;;KZT;15992081;192316517;;55623;GE10;1;55623;KZT
140710;M;I;2013-01-17;800;2013-03-30;4;WALTHOURVILLE-DEVELOPMENT;C3;1;G;KZT;;K4;;KZT;15992081;121752666;;55623;GE10;1;55623;KZT
140711;KZ;I;2013-01-17;500;2013-03-30;4;MOUNTZION-MOTORSERVICES;C2;1;G;KZT;;K4;;KZT;15992081;121752666;;55623;GE10;1;55623;KZT
140712;M;I;2013-08-30;300;2013-03-30;2;MOUNTZION-MOTORSERVICES;C8;1;G;KZT;;K4;;KZT;15992081;121752666;;55623;GE10;1;55623;KZT
140713;KZ;I;2013-07-26;600;2013-03-30;6;MOUNTZION-MOTORSERVICES;C2;1;G;KZT;;K4;;KZT;15992081;140104130;;55623;GE10;1;55623;SEK
140714;KZ;I;2013-07-26;600;2013-03-30;7;MOUNTZION-MOTORSERVICES;C8;1;L;SEK;;K4;;KZT;15992081;185921981;;55623;GE10;1;55623;UAH
140715;KZ;I;2013-08-02;200;2013-03-30;1;MOUNTZION-MOTORSERVICES;C8;1;L;SEK;;K4;;SEK;15992081;185921981;;55623;GE10;1;55623;SEK
140716;KZ;I;2013-08-02;100;2013-03-30;4;NEEDMORE-DEVELOPMENT;C7;1;L;SEK;;K4;;SEK;15992081;121197522;;55623;BE10;1;55623;SEK
140717;M;I;2013-07-20;200;2013-01-19;6;NEEDMORE-DEVELOPMENT;C1;9;L;SEK;;K4;;SEK;28546211;121197522;;55623;BE10;1;55623;SEK
140718;M;I;2013-07-20;700;2013-01-19;6;NEEDMORE-DEVELOPMENT;C4;1;L;SEK;;K4;;SEK;28546211;204238259;;55623;RU11;1;55623;GBP
140719;M;I;2013-10-02;500;2013-01-19;7;NEEDMORE-DEVELOPMENT;C8;9;B;SEK;;K4;;SEK;28546211;220859144;;55623;RU11;1;55623;SEK
140720;M;I;2013-10-02;700;2013-01-19;8;COUNTRYCLUBESTATE-SOFTWARE;C2;1;L;SEK;;K4;;SEK;28546211;220859144;;55623;RU11;1;55623;RON
140721;M;I;2013-04-06;600;2013-01-19;6;COUNTRYCLUBESTATE-SOFTWARE;C1;1;L;RUB;;K4;;SEK;28546211;220859144;;55623;140;1;55623;SEK
140722;M;I;2013-04-06;800;2013-01-19;3;COUNTRYCLUBESTATE-SOFTWARE;C1;1;L;RUB;;K4;;RUB;11882299;220859144;;59771;140;1;59771;SEK
140723;KZ;I;2013-08-23;300;2013-08-07;3;COUNTRYCLUBESTATE-SOFTWARE;C4;1;C;RUB;;K4;;RUB;27539599;220859144;;54373;140;1;54373;RUB
140724;KZ;I;2013-11-23;700;2013-02-01;5;COUNTRYCLUBESTATE-SOFTWARE;C7;1;C;RUB;;K4;;RUB;27539599;220859144;;54373;140;1;54373;RUB
140725;M;I;2013-11-23;200;2013-02-01;1;COUNTRYCLUBESTATE-SOFTWARE;C4;1;C;RON;;K4;;RUB;27539599;200711784;;59314;10;1;59314;RUB
140726;KZ;I;2013-04-15;700;2013-02-01;4;COUNTRYCLUBESTATE-SOFTWARE;C8;1;C;RON;;K4;;RON;14159193;225465750;;59314;10;1;59314;RON
140727;M;I;2013-04-21;200;2013-02-01;3;COUNTRYCLUBESTATE-SOFTWARE;C7;1;C;RON;;K4;;RON;22253660;112062760;;59314;10;1;59314;RON
140728;M;I;2013-04-21;100;2013-02-01;7;STRONGSVILLE-GYMNASIUM;C5;1;C;RON;;K4;;RON;22253660;178382066;;59314;RO30;1;59314;RON
140729;KZ;I;2013-04-21;700;2013-11-28;1;SANDYSPRINGS-INSURANCE;C2;1;C;RON;;K4;;RON;22253660;194279294;;59314;RO30;1;59314;RON
140730;M;I;2013-01-21;200;2013-11-28;6;SANDYSPRINGS-INSURANCE;C4;1;C;RON;;K4;;RON;22253660;178390184;;59314;GE10;1;59314;RON
140731;M;I;2013-01-21;800;2013-11-28;3;SANDYSPRINGS-INSURANCE;C4;1;L;RON;;K4;;RON;22253660;178390184;;59314;GE10;1;59314;RON
140732;M;I;2013-01-21;400;2013-11-28;3;SANDYSPRINGS-INSURANCE;C8;1;L;RON;;K4;;RON;22253660;178390184;;55091;GE10;1;55091;RON
140733;M;I;2013-01-21;100;2013-08-19;6;SANDYSPRINGS-INSURANCE;C8;1;L;RON;;K4;;RON;22253660;141166811;;55091;RO60;1;55091;GBP
140734;M;I;2013-12-18;300;2013-08-11;8;SANDYSPRINGS-INSURANCE;C7;1;L;RON;;K4;;RON;22253660;145320486;;55091;RU10;1;55091;SEK
140735;M;I;2013-12-18;800;2013-08-11;3;SANDYSPRINGS-INSURANCE;C6;9;L;RON;;K4;;RON;22253660;146758792;;59852;RU10;1;59852;RON
140736;KZ;I;2013-11-27;200;2013-08-11;3;SANDYSPRINGS-INSURANCE;C6;1;L;RON;;K4;;RON;22253660;190386296;;59852;RU10;1;59852;RON
140737;M;I;2013-10-31;100;2013-01-21;7;SANDYSPRINGS-INSURANCE;C2;1;L;RON;;K4;;RON;22253660;140117248;;51820;RU10;1;51820;GEL
140738;KZ;I;2013-09-16;700;2013-01-21;5;SANDYSPRINGS-INSURANCE;C8;1;L;RON;;K4;;RON;22253660;209387446;;51820;RU10;1;51820;RON
140739;M;I;2013-01-18;400;2013-01-21;4;SANDYSPRINGS-INSURANCE;C3;1;L;UAH;;K4;;RON;22253660;209387446;;51820;RU10;1;51820;RON
140740;KZ;I;2013-06-04;500;2013-01-21;4;SANDYSPRINGS-INSURANCE;C4;1;L;UAH;;K4;;UAH;13335953;209387446;;51820;RU10;1;51820;UAH
140741;KZ;I;2013-05-08;700;2013-01-21;8;SANDYSPRINGS-INSURANCE;C8;1;B;UAH;;K4;;UAH;13335953;152395413;;51655;140;1;51655;UAH
140742;M;I;2013-05-08;100;2013-01-21;8;WRAY-SERVICES;C3;1;B;UAH;;K4;;UAH;12992482;190565295;;51655;140;1;51655;UAH
140743;M;I;2013-06-15;700;2013-01-21;9;HARDWICKE-OFFICESUPPLIES;C7;1;B;UAH;;K4;;UAH;12992482;185360365;;51655;140;1;51655;UAH
140744;KZ;I;2013-03-09;500;2013-01-21;3;HARDWICKE-OFFICESUPPLIES;C4;1;B;UAH;;K4;;UAH;12992482;195567455;;51655;140;1;51655;UAH
140745;M;I;2013-02-02;100;2013-01-21;2;RINGGOLD-BAKERY;C7;1;B;UAH;;K4;;UAH;12992482;217130353;;51655;140;1;51655;UAH
140746;M;I;2013-10-18;300;2013-02-07;7;RINGGOLD-BAKERY;C4;1;L;UAH;;K4;;UAH;13914470;167567239;;55134;RU11;1;55134;UAH
140747;M;I;2013-10-18;400;2013-02-07;3;RINGGOLD-BAKERY;C6;9;L;UAH;;K4;;UAH;13914470;132993259;;55134;RU11;1;55134;UAH
140748;KZ;I;2013-10-18;500;2013-02-07;6;RINGGOLD-BAKERY;C1;1;L;UAH;;K4;;UAH;13914470;132993259;;55134;RU11;1;55134;UAH
140749;KZ;I;2013-06-10;500;2013-02-07;5;RINGGOLD-BAKERY;C6;1;L;UAH;;K4;;UAH;17521615;171419810;;51201;RU11;1;51201;UAH
140750;KZ;I;2013-06-10;200;2013-02-07;3;BACONTON-DEVELOPMENT;C6;1;C;UAH;;K4;;UAH;17521615;137220624;;51201;RU11;1;51201;UAH
140751;KZ;I;2013-09-30;400;2013-02-07;7;BACONTON-DEVELOPMENT;C7;9;C;RUB;;K4;;UAH;17521615;133162038;;51201;RU11;1;51201;SEK
140752;KZ;I;2013-09-30;300;2013-02-07;5;BACONTON-DEVELOPMENT;C2;9;C;RUB;;K4;;RUB;17521615;171854107;;51201;RU11;1;51201;RUB
140753;KZ;I;2013-10-06;300;2013-02-07;1;BACONTON-DEVELOPMENT;C1;9;C;RUB;;K4;;RUB;17521615;207060849;;51201;RU11;1;51201;GEL
140754;KZ;I;2013-10-06;200;2013-02-07;8;BACONTON-DEVELOPMENT;C5;1;C;RUB;;K4;;RUB;17521615;115699410;;51201;RU11;1;51201;RUB
140755;KZ;I;2013-08-03;700;2013-02-07;6;BACONTON-DEVELOPMENT;C5;1;C;RUB;;K4;;RUB;17521615;110418038;;51201;RU11;1;51201;RUB
140756;KZ;I;2013-08-03;100;2013-02-07;6;WEBER-PROSERVICES;C8;1;C;RUB;;K4;;RUB;24618659;131771570;;51201;SE10;1;51201;RON
140757;M;I;2013-03-22;100;2013-02-07;5;WEBER-PROSERVICES;C7;9;C;RUB;;K4;;RUB;24618659;187235532;;51201;SE10;1;51201;SEK
140758;KZ;I;2013-06-14;600;2013-02-07;8;WEBER-PROSERVICES;C8;1;H;RUB;;K4;;RUB;24618659;138009501;;51201;SE10;1;51201;SEK
140759;KZ;I;2013-09-27;400;2013-02-07;2;WEBER-PROSERVICES;C5;1;H;RUB;;K4;;RUB;24618659;168284034;;51201;GE10;1;51201;RUB
140760;M;I;2013-10-16;800;2013-02-07;1;WEBER-PROSERVICES;C3;1;H;SEK;;K4;;RUB;24618659;168284034;;51201;GE10;1;51201;RUB
140761;M;I;2013-10-16;600;2013-02-07;8;WEBER-PROSERVICES;C8;1;H;PLN;;K4;;SEK;12538064;229477059;;51201;GE10;1;51201;UAH
140762;M;I;2013-11-20;300;2013-02-07;7;WEBER-PROSERVICES;C7;1;H;SEK;;K4;;PLN;12538064;165331762;;55085;PL10;1;55085;PLN
140763;KZ;I;2013-11-20;500;2013-02-07;9;WEBER-PROSERVICES;C7;1;C;SEK;;K4;;SEK;17117206;165331762;;55085;PL10;1;55085;SEK
140764;KZ;I;2013-11-08;500;2013-02-07;4;WEBER-PROSERVICES;C3;1;C;SEK;;K4;;SEK;17117206;197756257;;55085;GB10;1;55085;SEK
140765;KZ;I;2013-11-08;300;2013-02-07;9;WEBER-PROSERVICES;C7;1;C;SEK;;K4;;SEK;17117206;171154258;;55085;GB10;1;55085;SEK
140766;M;I;2013-08-08;800;2013-02-07;7;WEBER-PROSERVICES;C3;1;C;SEK;;K4;;SEK;17117206;141585703;;55085;GB10;1;55085;RON
140767;KZ;I;2013-07-27;700;2013-02-07;3;LILBURN-TEXTILES;C8;1;C;PLN;;K4;;SEK;17117206;166445932;;55085;RO30;1;55085;SEK
140768;KZ;I;2013-01-15;300;2013-02-07;5;LILBURN-TEXTILES;C1;1;C;PLN;;K4;;PLN;17117206;195510174;;55085;RO30;1;55085;PLN
140769;KZ;I;2013-01-15;400;2013-02-07;5;HELENA-INSURANCE;C8;1;C;PLN;;K4;;PLN;17117206;195510174;;55085;RO30;1;55085;PLN
140770;KZ;I;2013-10-03;500;2013-02-07;3;HELENA-INSURANCE;C8;1;C;PLN;;K4;;PLN;17117206;115904304;;55085;RO30;1;55085;RUB
140771;M;I;2013-01-18;200;2013-05-25;7;HELENA-INSURANCE;C8;1;C;PLN;;K4;;PLN;13257389;115904304;;55085;RO30;1;55085;PLN
140772;M;I;2013-07-19;700;2013-05-25;6;HELENA-INSURANCE;C1;9;C;PLN;;K4;;PLN;13257389;193036553;;52506;PL10;1;52506;PLN
140773;KZ;I;2013-07-19;200;2013-05-25;3;HELENA-INSURANCE;C8;1;C;PLN;;K4;;PLN;13257389;128560180;;52506;RO60;1;52506;PLN
140774;KZ;I;2013-07-19;500;2013-08-23;1;SUMNER-OFFICESUPPLIES;C8;1;C;GEL;;K4;;PLN;13257389;189982775;;56787;RU11;1;56787;EUR
140775;M;I;2013-11-22;300;2013-08-23;7;SUMNER-OFFICESUPPLIES;C6;1;C;GEL;;K4;;GEL;13257389;136871443;;56787;140;1;56787;GEL
140776;KZ;I;2013-05-12;600;2013-08-23;6;SUMNER-OFFICESUPPLIES;C8;1;C;GEL;;K4;;GEL;26107445;117387188;;56787;140;1;56787;GEL
140777;M;I;2013-10-25;100;2013-08-23;2;SUMNER-OFFICESUPPLIES;C1;1;C;GEL;;K4;;GEL;26107445;218338750;;56787;BE10;1;56787;GEL
140778;KZ;I;2013-10-25;200;2013-08-23;8;SUMNER-OFFICESUPPLIES;C8;1;C;GEL;;K4;;GEL;26107445;155072796;;56787;RO30;1;56787;GEL
140779;KZ;I;2013-05-17;200;2013-08-23;6;SUMNER-OFFICESUPPLIES;C5;1;C;GEL;;K4;;GEL;26107445;167644223;;54754;GE10;1;54754;GEL
140780;KZ;I;2013-05-17;700;2013-08-23;2;SUMNER-OFFICESUPPLIES;C7;1;C;RON;;K4;;GEL;24397534;167644223;;54754;GB10;1;54754;GEL
140781;KZ;I;2013-03-04;200;2013-09-16;4;SUMNER-OFFICESUPPLIES;C4;1;H;RON;;K4;;RON;14377441;171189869;;54754;GB10;1;54754;RON
140782;KZ;I;2013-03-04;300;2013-05-25;3;SUMNER-OFFICESUPPLIES;C1;1;H;RON;;K4;;RON;14377441;171189869;;54754;GB10;1;54754;RON
140783;KZ;I;2013-03-04;500;2013-07-01;9;SUMNER-OFFICESUPPLIES;C8;1;C;RON;;K4;;RON;14377441;127552605;;54754;GB10;1;54754;RON
140784;KZ;I;2013-12-14;600;2013-07-01;5;SUMNER-OFFICESUPPLIES;C4;1;C;RON;;K4;;RON;19392584;171968500;;54754;PL10;1;54754;RON
140785;M;I;2014-12-30;700;2013-07-01;5;SUMNER-OFFICESUPPLIES;C6;1;C;RON;;K4;;RON;23576012;121774273;;54754;PL10;1;54754;RON
140786;M;I;2013-01-16;500;2013-07-01;8;SUMNER-OFFICESUPPLIES;C1;9;C;RON;;K4;;RON;23576012;121774273;;58381;RU10;1;58381;RON
140787;KZ;I;2013-02-07;100;2013-01-01;2;SUMNER-OFFICESUPPLIES;C3;1;C;RON;;K4;;RON;23576012;121774273;;58487;RU10;1;58487;RON
140788;M;I;2013-02-07;500;2013-01-01;1;SUMNER-OFFICESUPPLIES;C4;1;H;RON;;K4;;RON;23576012;220784614;;50736;RO30;1;50736;PLN
140789;KZ;I;2013-04-22;400;2013-01-01;1;DECATUR-ACCOUNTING;C5;9;H;RON;;K4;;RON;23576012;214763706;;50736;RO30;1;50736;RON
140790;KZ;I;2013-04-22;600;2013-01-01;1;DECATUR-ACCOUNTING;C5;1;L;RON;;K4;;RON;23576012;214763706;;50736;RO30;1;50736;RON
140791;M;I;2013-09-27;500;2013-01-01;1;DECATUR-ACCOUNTING;C4;1;L;RON;;K4;;RON;23576012;193475865;;50736;RO30;1;50736;RON
140792;M;I;2013-09-27;700;2013-01-01;5;DECATUR-ACCOUNTING;C2;9;L;RON;;K4;;RON;23576012;147439027;;59905;RO30;1;59905;RON
140793;M;I;2013-03-03;300;2013-01-01;1;DECATUR-ACCOUNTING;C4;1;L;RON;;K4;;RON;23576012;164599394;;59905;RO30;1;59905;RON
140794;M;I;2013-03-03;400;2013-01-01;9;DECATUR-ACCOUNTING;C8;1;L;RON;;K4;;RON;23576012;145858642;;59905;RO30;1;59905;RON
140795;M;I;2013-03-03;400;2013-01-01;3;DECATUR-ACCOUNTING;C4;1;L;RON;;K4;;RON;23576012;181464133;;59905;RO30;1;59905;RON
140796;M;I;2013-11-05;200;2013-01-01;6;HICKOX-PROSERVICES;C3;1;L;GEL;;K4;;RON;23576012;181464133;;59905;RO30;1;59905;RON
140797;KZ;I;2013-01-06;800;2013-01-01;7;HICKOX-PROSERVICES;C7;1;L;GEL;;K4;;GEL;23576012;203214739;;59905;RO30;1;59905;GEL
140798;KZ;I;2013-04-25;400;2013-06-09;6;MAXEYS-TEXTILES;C2;1;L;GEL;;K4;;GEL;23576012;178530582;;59149;RO30;1;59149;GEL
140799;KZ;I;2013-10-02;100;2013-06-09;8;MAXEYS-TEXTILES;C4;1;L;GEL;;K4;;GEL;10170228;182822607;;59083;RO30;1;59083;GEL
140800;KZ;I;2013-10-02;400;2013-06-09;4;PULASKI-LANDSCAPING;C3;9;L;GEL;;K4;;GEL;10170228;133537759;;59083;RO30;1;59083;RON
140801;KZ;I;2013-10-02;700;2013-06-09;1;PULASKI-LANDSCAPING;C1;1;L;GEL;;K4;;GEL;10170228;151986271;;59083;RO30;1;59083;GEL
140802;M;I;2013-04-18;200;2013-06-09;3;PULASKI-LANDSCAPING;C7;1;L;GEL;;K4;;GEL;10170228;148063613;;53689;RO30;1;53689;GEL
140803;KZ;I;2013-12-11;500;2013-06-09;3;DOCKJUNCTION-DEVELOPMENT;C4;1;L;GEL;;K4;;GEL;26717527;219965964;;59198;RO30;1;59198;GEL
140804;KZ;I;2013-08-31;400;2013-06-09;5;DOCKJUNCTION-DEVELOPMENT;C8;9;G;GEL;;K4;;GEL;26717527;219965964;;59198;RO30;1;59198;GEL
140805;KZ;I;2013-05-01;400;2013-06-09;8;DOCKJUNCTION-DEVELOPMENT;C4;1;G;GEL;;K4;;GEL;26717527;135542772;;59198;RO30;1;59198;GEL
140806;KZ;I;2013-05-01;600;2013-06-09;2;DOCKJUNCTION-DEVELOPMENT;C7;1;G;GEL;;K4;;GEL;20052985;134889259;;59198;PL10;1;59198;RUB
140807;KZ;I;2013-05-01;700;2013-06-09;6;DOCKJUNCTION-DEVELOPMENT;C7;1;G;GEL;;K4;;GEL;20052985;134889259;;59198;PL10;1;59198;GEL
140808;KZ;I;2013-05-01;600;2013-10-21;8;DOCKJUNCTION-DEVELOPMENT;C4;1;G;GEL;;K4;;GEL;20052985;134889259;;59198;PL10;1;59198;GEL
140809;M;I;2013-05-21;700;2013-10-21;7;DOCKJUNCTION-DEVELOPMENT;C3;1;G;GEL;;K4;;GEL;20052985;189002171;;59198;GB30;1;59198;GEL
140810;M;I;2013-05-21;300;2013-10-21;5;BLAIRSVILLE-LANDSCAPING;C1;1;G;GEL;;K4;;GEL;22346481;217319190;;59198;GB30;1;59198;GBP
140811;KZ;I;2013-12-17;600;2013-10-21;6;GARFIELD-SERVICES;C4;9;G;GEL;;K4;;GEL;22346481;122961488;;50681;140;1;50681;PLN
140812;KZ;I;2013-12-17;400;2013-09-12;2;GARFIELD-SERVICES;C6;1;G;GEL;;K4;;GEL;22346481;186108247;;50681;PL10;1;50681;GEL
140813;M;I;2013-12-17;700;2013-09-12;7;GARFIELD-SERVICES;C6;1;G;GEL;;K4;;GEL;22346481;181990920;;50681;PL10;1;50681;GEL
140814;M;I;2013-12-17;800;2013-07-13;2;GARFIELD-SERVICES;C7;1;G;GEL;;K4;;GEL;22346481;207784663;;50681;PL10;1;50681;GEL
140815;M;I;2013-02-17;400;2013-07-13;1;GARFIELD-SERVICES;C6;9;G;GEL;;K4;;GEL;13512606;157709283;;50681;PL10;1;50681;KZT
140816;KZ;I;2013-02-17;400;2013-07-13;8;EASTMAN-DEVELOPMENT;C1;1;G;GEL;;K4;;GEL;13512606;151315730;;57569;10;1;57569;GEL
140817;KZ;I;2013-02-17;400;2013-07-13;2;EASTMAN-DEVELOPMENT;C6;1;G;GEL;;K4;;GEL;13512606;176160648;;57569;10;1;57569;GEL
140818;M;I;2013-10-20;500;2013-07-13;6;EASTMAN-DEVELOPMENT;C3;1;G;GEL;;K4;;GEL;13512606;228902054;;57569;10;1;57569;GEL
140819;M;I;2013-12-24;400;2013-07-13;3;EASTMAN-DEVELOPMENT;C4;1;H;UAH;;K4;;GEL;13512606;228902054;;57569;GB10;1;57569;GEL
140820;KZ;I;2013-06-12;300;2013-07-13;6;EASTMAN-DEVELOPMENT;C2;9;H;UAH;;K4;;UAH;16041059;150137981;;57569;GB10;1;57569;UAH
140821;KZ;I;2013-06-12;600;2013-07-13;2;EASTMAN-DEVELOPMENT;C7;1;H;UAH;;K4;;UAH;16041059;194024545;;53652;GB10;1;53652;UAH
140822;KZ;I;2013-06-12;400;2013-07-13;3;EASTMAN-DEVELOPMENT;C3;1;H;UAH;;K4;;UAH;21376085;194024545;;53384;RO30;1;53384;GEL
140823;KZ;I;2013-03-31;600;2013-09-06;2;EASTMAN-DEVELOPMENT;C2;1;H;UAH;;K4;;UAH;21376085;131360674;;53384;RO30;1;53384;UAH
140824;KZ;I;2013-03-31;700;2013-09-06;1;EASTMAN-DEVELOPMENT;C3;1;C;UAH;;K4;;UAH;21376085;131360674;;51914;NL11;1;51914;UAH
140825;M;I;2013-08-26;100;2013-09-06;3;CLAXTON-SOFTWARE;C6;1;C;UAH;;K4;;UAH;21376085;186609056;;51914;UA10;1;51914;UAH
140826;M;I;2013-08-26;800;2013-08-23;3;CLAXTON-SOFTWARE;C1;1;C;UAH;;K4;;UAH;20452433;186609056;;51914;UA10;1;51914;UAH
140827;M;I;2013-10-02;500;2013-08-23;2;CLAXTON-SOFTWARE;C5;1;C;UAH;;K4;;UAH;29289264;193812519;;51914;BE10;1;51914;UAH
140828;M;I;2013-10-02;600;2013-08-23;9;CLAXTON-SOFTWARE;C7;1;C;UAH;;K4;;UAH;29289264;139356286;;59458;BE10;1;59458;UAH
140829;M;I;2013-09-20;100;2013-09-08;3;CLAXTON-SOFTWARE;C1;1;C;UAH;;K4;;UAH;10405055;187786057;;59458;BE10;1;59458;UAH
140830;KZ;I;2013-03-29;600;2013-09-08;1;CLAXTON-SOFTWARE;C3;1;C;UAH;;K4;;UAH;16516368;229388488;;59458;RO30;1;59458;UAH
140831;M;I;2013-03-29;300;2013-09-08;6;CLAXTON-SOFTWARE;C7;1;C;UAH;;K4;;UAH;16516368;228872453;;57906;RO30;1;57906;EUR
140832;KZ;I;2013-10-17;700;2013-07-24;4;CLAXTON-SOFTWARE;C7;1;C;UAH;;K4;;UAH;16516368;157312145;;54077;UA10;1;54077;UAH
140833;KZ;I;2013-10-17;800;2013-07-24;9;RIVERSIDE-CAFE;C6;1;C;UAH;;K4;;UAH;16516368;150033516;;54077;BE10;1;54077;UAH
140834;KZ;I;2013-10-17;500;2013-07-24;5;RIVERSIDE-CAFE;C2;1;C;UAH;;K4;;UAH;16914511;168669928;;54077;BE10;1;54077;UAH
140835;KZ;I;2013-08-25;600;2013-07-24;2;RIVERSIDE-CAFE;C3;1;C;UAH;;K4;;UAH;16914511;168669928;;54077;KZ10;1;54077;UAH
140836;KZ;I;2013-08-25;700;2013-07-24;1;RIVERSIDE-CAFE;C4;1;C;UAH;;K4;;UAH;16914511;206346102;;54077;KZ10;1;54077;UAH
140837;M;I;2013-08-01;700;2013-10-03;4;RIVERSIDE-CAFE;C5;1;C;UAH;;K4;;UAH;16914511;226232627;;54077;KZ10;1;54077;UAH
140838;KZ;I;2013-03-30;100;2013-10-03;5;RIVERSIDE-CAFE;C1;1;C;SEK;;K4;;UAH;16914511;122275657;;54077;KZ10;1;54077;UAH
140839;KZ;I;2013-03-30;400;2013-10-03;1;RIVERSIDE-CAFE;C7;1;C;RUB;;K4;;SEK;16914511;122275657;;54077;KZ10;1;54077;RON
140840;KZ;I;2013-09-14;700;2013-03-09;9;STRONGSVILLE-ENGINEERING;C8;1;C;RUB;;K4;;RUB;16914511;144898792;;54077;BE10;1;54077;RUB
140841;KZ;I;2013-02-08;500;2013-03-09;6;STRONGSVILLE-ENGINEERING;C3;1;L;RUB;;K4;;RUB;16914511;116704889;;54077;BE10;1;54077;UAH
140842;M;I;2013-02-08;700;2013-04-26;9;COVERDALE-ENGINEERING;C8;9;L;RUB;;K4;;RUB;16914511;116704889;;54077;BE10;1;54077;RUB
140843;M;I;2013-04-14;800;2013-04-26;5;COVERDALE-ENGINEERING;C1;1;B;RUB;;K4;;RUB;16914511;123410842;;54077;SE10;1;54077;RUB
140844;M;I;2013-06-24;300;2013-04-26;2;COVERDALE-ENGINEERING;C2;1;L;PLN;;K4;;RUB;16914511;224004291;;54077;140;1;54077;GEL
140845;M;I;2013-06-04;300;2013-08-11;5;COVERDALE-ENGINEERING;C4;1;B;KZT;;K4;;PLN;22953287;224004291;;54077;140;1;54077;PLN
140846;M;I;2013-06-04;500;2013-08-11;4;COVERDALE-ENGINEERING;C1;1;B;KZT;;K4;;KZT;22953287;224004291;;54077;140;1;54077;KZT
140847;KZ;I;2013-06-04;700;2013-10-16;1;COVERDALE-ENGINEERING;C2;1;B;EUR;;K4;;KZT;15712286;152853309;;54077;GB10;1;54077;PLN
140848;M;I;2013-06-04;400;2013-10-16;1;COVERDALE-ENGINEERING;C4;1;B;EUR;;K4;;EUR;23531837;152853309;;54077;GB10;1;54077;GBP
140849;KZ;I;2013-06-27;500;2013-07-14;7;COVERDALE-ENGINEERING;C8;1;H;PLN;;K4;;EUR;23531837;175199618;;54077;GB10;1;54077;EUR
140850;KZ;I;2013-06-27;600;2013-07-14;6;COVERDALE-ENGINEERING;C3;1;H;PLN;;K4;;PLN;23531837;140522919;;54077;UA10;1;54077;SEK
140851;KZ;I;2013-06-27;700;2013-07-14;9;COVERDALE-ENGINEERING;C6;1;H;PLN;;K4;;PLN;24001827;196177065;;59381;UA10;1;59381;SEK
140852;M;I;2013-06-27;500;2013-10-09;8;COVERDALE-ENGINEERING;C5;1;H;PLN;;K4;;PLN;16631772;160522363;;59381;UA10;1;59381;PLN
140853;M;I;2013-06-27;200;2013-05-24;8;COVERDALE-ENGINEERING;C6;1;H;PLN;;K4;;PLN;16631772;160522363;;59381;UA10;1;59381;PLN
140854;KZ;I;2013-06-27;500;2013-05-24;2;COVERDALE-ENGINEERING;C7;1;H;PLN;;K4;;PLN;16631772;171385563;;59381;GB10;1;59381;SEK
140855;KZ;I;2013-05-02;100;2013-05-24;5;COVERDALE-ENGINEERING;C5;9;H;PLN;;K4;;PLN;16631772;162856704;;54318;GB10;1;54318;RUB
140856;M;I;2013-01-28;300;2013-05-24;3;COVERDALE-ENGINEERING;C8;1;H;PLN;;K4;;PLN;16631772;170203427;;54318;GB10;1;54318;PLN
140857;KZ;I;2013-06-14;400;2013-09-21;8;AXSON-ACCOUNTING;C7;1;H;PLN;;K4;;PLN;11069210;196821533;;54318;GB10;1;54318;PLN
140858;M;I;2013-06-14;800;2013-09-21;4;AXSON-ACCOUNTING;C3;1;H;PLN;;K4;;PLN;11069210;196821533;;54318;PL10;1;54318;PLN
140859;M;I;2013-04-24;500;2013-09-21;2;AXSON-ACCOUNTING;C7;1;H;PLN;;K4;;PLN;11069210;179194949;;54318;PL10;1;54318;PLN
140860;M;I;2013-04-24;200;2013-09-21;1;ELLIJAY-SIGNS;C5;1;H;PLN;;K4;;PLN;11069210;142388685;;54318;PL10;1;54318;PLN
140861;KZ;I;2013-04-24;200;2013-09-21;1;ELLIJAY-SIGNS;C1;1;G;PLN;;K4;;PLN;11069210;142388685;;54318;PL10;1;54318;PLN
140862;M;I;2013-04-24;500;2013-04-01;3;ELLIJAY-SIGNS;C1;1;G;PLN;;K4;;PLN;11069210;142388685;;54318;PL10;1;54318;PLN
140863;M;I;2013-02-22;400;2013-04-01;1;ELLIJAY-SIGNS;C4;1;G;PLN;;K4;;PLN;11069210;162675805;;54318;PL10;1;54318;PLN
140864;KZ;I;2013-03-07;800;2013-02-05;2;ELLIJAY-SIGNS;C1;1;G;EUR;;K4;;PLN;11069210;135754438;;54318;GB10;1;54318;PLN
140865;M;I;2013-12-20;300;2013-02-05;9;ELLIJAY-SIGNS;C6;1;L;EUR;;K4;;EUR;11069210;135754438;;54318;GB10;1;54318;EUR
140866;M;I;2013-06-06;300;2013-02-05;2;ELLIJAY-SIGNS;C4;1;L;KZT;;K4;;EUR;22575803;120898748;;54318;GB10;1;54318;EUR
140867;KZ;I;2013-06-06;700;2013-02-05;8;ELLIJAY-SIGNS;C7;1;L;KZT;;K4;;KZT;22575803;188722446;;53131;PL10;1;53131;KZT
140868;M;I;2014-12-30;100;2013-02-05;1;ELLIJAY-SIGNS;C4;1;L;UAH;;K4;;KZT;22575803;112122569;;53131;PL10;1;53131;KZT
140869;KZ;I;2014-12-30;300;2013-02-05;4;ELLIJAY-SIGNS;C8;1;L;EUR;;K4;;UAH;22575803;137732686;;53131;UA10;1;53131;KZT
140870;M;I;2013-09-24;800;2013-02-05;6;ELLIJAY-SIGNS;C1;1;H;EUR;;K4;;EUR;22575803;115132309;;53131;UA10;1;53131;EUR
140871;KZ;I;2013-10-23;800;2013-02-05;1;ELLIJAY-SIGNS;C6;1;H;EUR;;K4;;EUR;22575803;161370963;;53131;GE10;1;53131;EUR
140872;KZ;I;2013-10-23;300;2013-02-05;5;ELDORADO-SOFTWARE;C2;1;H;EUR;;K4;;EUR;23377883;161370963;;53131;GE10;1;53131;EUR
140873;KZ;I;2013-10-23;300;2013-06-22;3;ELDORADO-SOFTWARE;C2;1;L;RUB;;K4;;EUR;27551055;122516000;;53880;RU11;1;53880;PLN
140874;M;I;2013-10-23;100;2013-06-22;1;ELDORADO-SOFTWARE;C5;1;L;PLN;;K4;;RUB;27551055;217288749;;53880;RU11;1;53880;KZT
140875;M;I;2013-08-26;200;2013-06-22;3;ELDORADO-SOFTWARE;C2;1;L;PLN;;K4;;PLN;27142177;136224258;;53880;RU11;1;53880;PLN
140876;M;I;2013-08-26;500;2013-06-22;1;ELDORADO-SOFTWARE;C2;1;L;PLN;;K4;;PLN;27142177;139105983;;53880;BE10;1;53880;PLN
140877;M;I;2013-08-26;200;2013-06-22;6;ELDORADO-SOFTWARE;C5;9;L;PLN;;K4;;PLN;27142177;194293340;;53880;UA10;1;53880;PLN
140878;KZ;I;2013-12-15;600;2013-03-22;2;ELDORADO-SOFTWARE;C6;1;L;PLN;;K4;;PLN;27142177;194293340;;53880;UA10;1;53880;PLN
140879;KZ;I;2013-03-05;200;2013-10-06;7;JONESBORO-ENGINEERING;C3;1;L;PLN;;K4;;PLN;26819399;176865821;;50161;UA10;1;50161;PLN
140880;M;I;2013-03-05;800;2013-02-14;9;JONESBORO-ENGINEERING;C8;1;C;PLN;;K4;;PLN;26819399;176865821;;50161;UA10;1;50161;PLN
140881;M;I;2013-02-12;300;2013-01-05;5;JONESBORO-ENGINEERING;C6;1;C;SEK;;K4;;PLN;26699280;195619326;;50161;UA10;1;50161;PLN
140882;KZ;I;2013-12-12;800;2013-03-05;4;JONESBORO-ENGINEERING;C3;1;C;SEK;;K4;;SEK;26699280;193951224;;50161;UA10;1;50161;GEL
140883;M;I;2013-12-12;700;2013-03-05;6;JONESBORO-ENGINEERING;C6;1;G;SEK;;K4;;SEK;26699280;142733668;;50161;UA10;1;50161;PLN
140884;KZ;I;2013-04-25;300;2013-03-05;7;JONESBORO-ENGINEERING;C5;1;G;SEK;;K4;;SEK;21367388;188751528;;50161;UA10;1;50161;SEK
140885;M;I;2013-04-25;800;2013-03-05;7;JONESBORO-ENGINEERING;C7;1;G;SEK;;K4;;SEK;28278012;127288829;;50161;UA10;1;50161;SEK
140886;KZ;I;2013-04-25;500;2013-03-05;7;MORVEN-MANUFACTURING;C3;1;G;GBP;;K4;;SEK;28278012;229544374;;50161;RU11;1;50161;SEK
140887;M;I;2013-04-25;500;2013-04-10;1;MORVEN-MANUFACTURING;C8;9;G;GBP;;K4;;GBP;22398875;229544374;;50161;RU11;1;50161;GBP
140888;KZ;I;2013-05-29;400;2013-04-10;9;MORVEN-MANUFACTURING;C7;1;G;GBP;;K4;;GBP;22398875;124993688;;50161;RU11;1;50161;GBP
140889;M;I;2013-01-11;400;2013-04-10;8;MORVEN-MANUFACTURING;C2;1;G;GBP;;K4;;GBP;11601106;124993688;;50161;RU11;1;50161;GEL
140890;M;I;2013-01-11;300;2013-04-10;8;MORVEN-MANUFACTURING;C4;9;G;GBP;;K4;;GBP;12752608;203187548;;50161;RU11;1;50161;GBP
140891;M;I;2013-11-02;500;2013-04-10;2;MORVEN-MANUFACTURING;C4;1;G;GBP;;K4;;GBP;12752608;136691849;;59681;RU11;1;59681;GBP
140892;KZ;I;2013-11-02;300;2013-05-18;6;MORVEN-MANUFACTURING;C2;1;B;KZT;;K4;;GBP;12752608;117381767;;59681;GB10;1;59681;GBP
140893;KZ;I;2013-11-21;600;2013-05-18;8;MORVEN-MANUFACTURING;C7;1;C;KZT;;K4;;KZT;12752608;151005993;;59681;GB10;1;59681;KZT
140894;KZ;I;2013-11-21;200;2013-05-18;4;LEESBURG-CAFE;C7;1;C;GBP;;K4;;KZT;12752608;151005993;;59681;SE10;1;59681;KZT
140895;KZ;I;2013-11-21;200;2013-05-18;8;LEESBURG-CAFE;C5;1;C;GBP;;K4;;GBP;17622470;157979040;;59681;UA10;1;59681;GBP
140896;M;I;2013-04-19;300;2013-05-18;5;LEESBURG-CAFE;C8;1;C;GBP;;K4;;GBP;17622470;178996908;;50470;UA10;1;50470;KZT
140897;M;I;2013-04-19;700;2013-05-18;9;LEESBURG-CAFE;C8;1;H;GBP;;K4;;GBP;17622470;223331096;;50470;UA10;1;50470;RON
140898;M;I;2013-09-26;500;2013-06-17;1;LEESBURG-CAFE;C5;1;H;GBP;;K4;;GBP;17622470;223331096;;50470;UA10;1;50470;GBP
140899;KZ;I;2013-11-25;300;2013-06-17;3;LEESBURG-CAFE;C2;1;H;GBP;;K4;;GBP;17622470;154642200;;50470;GB30;1;50470;GBP
140900;M;I;2013-07-20;400;2013-06-17;8;LEESBURG-CAFE;C8;1;H;GBP;;K4;;GBP;17622470;214732662;;50470;GB30;1;50470;GBP
140901;M;I;2013-03-18;200;2013-06-17;3;LEESBURG-CAFE;C7;1;H;GBP;;K4;;GBP;17622470;113466685;;50470;GB30;1;50470;GBP
140902;M;I;2013-03-18;100;2013-06-17;1;LEESBURG-CAFE;C7;1;H;GBP;;K4;;GBP;17622470;113466685;;50470;GB30;1;50470;GBP
140903;M;I;2013-03-18;300;2013-06-17;3;BREMEN-MOTORS;C5;1;L;GBP;;K4;;GBP;15822992;128130843;;50470;GB10;1;50470;GBP
140904;M;I;2013-01-01;400;2013-06-17;9;BREMEN-MOTORS;C7;9;L;GBP;;K4;;GBP;15822992;128130843;;50470;GB10;1;50470;GBP
140905;M;I;2013-07-28;200;2013-06-17;8;BREMEN-MOTORS;C6;1;L;GBP;;K4;;GBP;15822992;128130843;;50470;GB10;1;50470;GBP
140906;M;I;2013-07-28;500;2013-06-17;3;BREMEN-MOTORS;C8;1;L;GEL;;K4;;GBP;15822992;127151794;;50470;GB10;1;50470;UAH
140907;KZ;I;2013-05-13;400;2013-06-17;4;BREMEN-MOTORS;C8;1;L;GEL;;K4;;GEL;26860926;171020810;;58055;GB10;1;58055;GBP
140908;KZ;I;2013-08-30;400;2013-06-17;4;PINELAKE-ACCOUNTING;C4;1;L;SEK;;K4;;GEL;26860926;151293708;;58055;RU11;1;58055;GEL
140909;KZ;I;2013-10-30;500;2013-06-17;2;GRAHAM-BAKERY;C2;1;L;SEK;;K4;;SEK;26860926;133916542;;58055;RU11;1;58055;SEK
140910;KZ;I;2013-10-30;700;2013-06-17;8;GRAHAM-BAKERY;C3;1;L;KZT;;K4;;SEK;26860926;133916542;;58055;RU11;1;58055;SEK
140911;M;I;2013-10-30;800;2013-01-05;9;SURRENCY-SOFTWARE;C6;1;L;KZT;;K4;;KZT;12174794;188853416;;58055;RU11;1;58055;KZT
140912;M;I;2013-01-23;400;2013-01-05;4;ELLABELLE-GYMNASIUM;C1;1;L;KZT;;K4;;KZT;12174794;138373869;;58055;RU11;1;58055;KZT
140913;KZ;I;2013-01-23;500;2013-01-05;1;ELLABELLE-GYMNASIUM;C8;1;C;KZT;;K4;;KZT;11734801;198397352;;58055;RU11;1;58055;KZT
140914;M;I;2013-11-28;100;2013-01-05;3;ELLABELLE-GYMNASIUM;C4;1;C;KZT;;K4;;KZT;11734801;125539336;;58055;RU11;1;58055;KZT
140915;KZ;I;2013-05-08;200;2013-01-05;9;ELLABELLE-GYMNASIUM;C4;1;C;KZT;;K4;;KZT;10561533;188284862;;58055;UA10;1;58055;KZT
140916;KZ;I;2013-05-15;100;2013-01-05;6;ATTAPULGUS-GYMNASIUM;C6;1;C;RUB;;K4;;KZT;10561533;153016856;;58055;10;1;58055;KZT
140917;KZ;I;2013-08-17;700;2013-01-05;5;ATTAPULGUS-GYMNASIUM;C5;1;G;RUB;;K4;;RUB;10561533;153016856;;58055;10;1;58055;RUB
140918;KZ;I;2013-08-17;700;2013-01-05;5;ATTAPULGUS-GYMNASIUM;C8;1;G;RUB;;K4;;RUB;10561533;153016856;;52025;10;1;52025;RUB
140919;KZ;I;2013-08-17;600;2013-01-05;9;ATTAPULGUS-GYMNASIUM;C1;1;G;RUB;;K4;;RUB;10561533;153016856;;52025;UA10;1;52025;RUB
140920;KZ;I;2013-09-23;100;2013-01-05;4;ATTAPULGUS-GYMNASIUM;C6;9;G;GBP;;K4;;RUB;10561533;153016856;;52025;UA10;1;52025;RON
140921;M;I;2013-09-23;600;2013-01-05;2;ATTAPULGUS-GYMNASIUM;C5;1;G;GBP;;K4;;GBP;18322954;194393923;;59148;UA10;1;59148;GBP
140922;KZ;I;2013-07-13;600;2013-01-05;2;ATTAPULGUS-GYMNASIUM;C2;1;G;GBP;;K4;;GBP;20316850;131133678;;52483;GE10;1;52483;GBP
140923;KZ;I;2013-07-13;800;2013-01-05;2;ATTAPULGUS-GYMNASIUM;C5;1;G;GBP;;K4;;GBP;20316850;156147536;;52483;GE10;1;52483;GBP
140924;M;I;2013-07-23;300;2013-01-05;6;ATTAPULGUS-GYMNASIUM;C7;1;G;GBP;;K4;;GBP;20316850;111279377;;52483;GE10;1;52483;GBP
140925;KZ;I;2013-07-23;500;2013-07-28;8;IRWINVILLE-TEXTILES;C3;1;C;GBP;;K4;;GBP;20316850;125794360;;52483;GE10;1;52483;GBP
140926;KZ;I;2013-09-29;500;2013-07-28;7;IRWINVILLE-TEXTILES;C1;1;C;RUB;;K4;;GBP;20316850;167219390;;52483;GE10;1;52483;GBP
140927;KZ;I;2013-09-29;700;2013-07-28;1;IRWINVILLE-TEXTILES;C4;1;C;RUB;;K4;;RUB;20316850;167219390;;52483;GE10;1;52483;RUB
140928;KZ;I;2013-01-31;500;2013-07-28;1;IRWINVILLE-TEXTILES;C2;1;C;RUB;;K4;;RUB;16670777;223538015;;52483;GE10;1;52483;RUB
140929;KZ;I;2013-06-25;200;2013-07-28;1;IRWINVILLE-TEXTILES;C7;1;C;RUB;;K4;;RUB;16670777;169566603;;52483;140;1;52483;EUR
140930;KZ;I;2013-06-25;300;2013-07-28;5;IRWINVILLE-TEXTILES;C7;1;C;RUB;;K4;;RUB;16670777;169566603;;52483;RO60;1;52483;RON
140931;M;I;2013-06-25;500;2013-07-28;5;IRWINVILLE-TEXTILES;C1;1;H;RUB;;K4;;RUB;16670777;144980193;;51125;140;1;51125;RUB
140932;M;I;2013-11-25;700;2013-07-28;1;RIDGEVILLE-CAFE;C5;9;H;RUB;;K4;;RUB;16670777;124789270;;51125;UA10;1;51125;RUB
140933;M;I;2013-03-30;600;2013-07-28;4;RIDGEVILLE-CAFE;C3;1;H;RUB;;K4;;RUB;16670777;118643378;;51125;GB10;1;51125;RUB
140934;M;I;2013-03-03;400;2013-07-28;8;RIDGEVILLE-CAFE;C3;1;H;RUB;;K4;;RUB;16670777;118643378;;51125;GB10;1;51125;RUB
140935;M;I;2013-03-03;200;2013-07-28;5;GLENNVILLE-ENGINEERING;C8;1;H;RUB;;K4;;RUB;16670777;118643378;;51125;GB10;1;51125;RUB
140936;M;I;2013-03-03;300;2013-07-28;8;ROCHELLE-MOTORS;C8;1;H;RUB;;K4;;RUB;16670777;118643378;;56307;GB10;1;56307;RUB
140937;M;I;2013-07-20;600;2013-07-28;3;ROCHELLE-MOTORS;C5;1;H;RUB;;K4;;RUB;16670777;146169597;;56307;RU10;1;56307;RUB
140938;KZ;I;2013-07-20;500;2013-07-28;7;ROCHELLE-MOTORS;C1;1;H;RUB;;K4;;RUB;16670777;146169597;;56307;RU10;1;56307;SEK
140939;M;I;2013-01-22;600;2013-07-28;4;ROCHELLE-MOTORS;C1;1;H;RUB;;K4;;RUB;16670777;206335205;;57742;RU10;1;57742;PLN
140940;M;I;2013-10-09;700;2013-02-21;2;ROCHELLE-MOTORS;C1;1;H;RUB;;K4;;RUB;27140248;133794334;;57742;RO60;1;57742;RUB
140941;M;I;2013-10-09;100;2013-08-03;4;ROCHELLE-MOTORS;C6;1;H;RUB;;K4;;RUB;27140248;133794334;;57742;10;1;57742;RUB
140942;M;I;2013-01-26;300;2013-08-03;2;ROCHELLE-MOTORS;C4;1;H;RUB;;K4;;RUB;27140248;133794334;;52076;RO10;1;52076;GBP
140943;M;I;2013-01-26;600;2013-08-03;4;BOGART-STUDIOS;C4;1;H;RUB;;K4;;RUB;27140248;150825830;;52076;RO10;1;52076;RUB
140944;M;I;2013-01-22;300;2013-08-03;7;BOGART-STUDIOS;C6;1;H;RUB;;K4;;RUB;27919434;130115706;;52076;10;1;52076;GEL
140945;KZ;I;2013-07-23;200;2013-08-03;6;BOGART-STUDIOS;C5;1;H;EUR;;K4;;RUB;27919434;208875987;;52076;10;1;52076;RUB
140946;M;I;2013-04-01;600;2013-08-03;3;BOGART-STUDIOS;C6;9;H;EUR;;K4;;EUR;25242085;179800589;;53276;10;1;53276;EUR
140947;KZ;I;2013-04-01;300;2013-08-03;8;DILLARD-TEXTILES;C1;1;H;EUR;;K4;;EUR;25242085;158892089;;53276;10;1;53276;EUR
140948;KZ;I;2013-01-13;700;2013-08-03;1;DILLARD-TEXTILES;C1;1;H;GBP;;K4;;EUR;25242085;110156785;;53276;10;1;53276;EUR
140949;KZ;I;2013-01-13;600;2013-08-03;6;DILLARD-TEXTILES;C1;1;H;GBP;;K4;;GBP;25242085;120351704;;53276;10;1;53276;GBP
140950;M;I;2013-01-19;100;2013-08-03;2;DILLARD-TEXTILES;C4;1;H;PLN;;K4;;GBP;25242085;113242461;;53276;10;1;53276;GBP
140951;M;I;2013-05-04;200;2013-08-03;9;DILLARD-TEXTILES;C2;1;H;PLN;;K4;;PLN;15771085;203422220;;53276;RU10;1;53276;PLN
140952;KZ;I;2013-05-15;800;2013-08-03;3;DILLARD-TEXTILES;C4;1;H;KZT;;K4;;PLN;26308360;119078625;;53276;RU10;1;53276;PLN
140953;KZ;I;2013-05-15;200;2013-08-03;9;ELLIJAY-TEXTILES;C2;1;G;KZT;;K4;;KZT;26308360;204007282;;53276;UA10;1;53276;KZT
140954;KZ;I;2013-07-12;400;2013-08-03;7;ELLIJAY-TEXTILES;C1;1;G;KZT;;K4;;KZT;26308360;147235390;;53276;UA10;1;53276;RON
140955;M;I;2013-05-23;500;2013-09-22;6;ELLIJAY-TEXTILES;C4;1;G;KZT;;K4;;KZT;26308360;202006723;;53276;UA10;1;53276;RUB
140956;M;I;2013-05-23;500;2013-09-22;1;ELLIJAY-TEXTILES;C5;1;G;KZT;;K4;;KZT;26308360;202006723;;53276;UA10;1;53276;KZT
140957;M;I;2013-05-23;400;2013-09-22;9;HAMILTON-SOFTWARE;C4;1;G;KZT;;K4;;KZT;26308360;224033773;;53276;UA10;1;53276;KZT
140958;KZ;I;2013-04-28;800;2013-04-01;5;HAMILTON-SOFTWARE;C7;1;B;KZT;;K4;;KZT;26308360;142823841;;53276;NL11;1;53276;GBP
140959;M;I;2013-09-21;100;2013-04-01;4;HAMILTON-SOFTWARE;C2;1;B;KZT;;K4;;KZT;26308360;172089211;;50088;NL11;1;50088;KZT
140960;KZ;I;2013-12-03;100;2013-04-01;5;HAMILTON-SOFTWARE;C7;1;B;KZT;;K4;;KZT;14079169;168283624;;50088;NL11;1;50088;KZT
140961;M;I;2014-12-30;800;2013-04-01;7;HAMILTON-SOFTWARE;C6;1;B;KZT;;K4;;KZT;14079169;182480675;;50088;PL10;1;50088;EUR
140962;M;I;2013-06-09;500;2013-02-26;9;HAMILTON-SOFTWARE;C5;9;B;KZT;;K4;;KZT;28453588;182480675;;59497;RU10;1;59497;EUR
140963;KZ;I;2013-06-09;300;2013-02-26;7;MAXEYS-MOTORSERVICES;C5;1;B;KZT;;K4;;KZT;28453588;182480675;;57123;RU10;1;57123;PLN
140964;KZ;I;2013-10-11;600;2013-02-26;9;MAXEYS-MOTORSERVICES;C2;1;B;KZT;;K4;;KZT;28453588;129308361;;57123;RO30;1;57123;KZT
140965;KZ;I;2013-07-29;700;2013-02-26;1;MAXEYS-MOTORSERVICES;C5;1;B;GEL;;K4;;KZT;28453588;151782298;;57123;NL11;1;57123;KZT
140966;KZ;I;2013-07-29;100;2013-02-06;4;MAXEYS-MOTORSERVICES;C5;1;B;GEL;;K4;;GEL;28453588;151782298;;57123;NL11;1;57123;GEL
140967;KZ;I;2013-07-29;700;2013-02-06;6;MAXEYS-MOTORSERVICES;C8;1;B;KZT;;K4;;GEL;28453588;200171929;;57123;NL11;1;57123;GEL
140968;M;I;2013-07-29;500;2013-02-06;6;MAXEYS-MOTORSERVICES;C2;1;B;KZT;;K4;;KZT;28453588;200171929;;57123;NL11;1;57123;KZT
140969;M;I;2013-02-17;500;2013-07-15;2;MAXEYS-MOTORSERVICES;C5;1;B;PLN;;K4;;KZT;28453588;200171929;;57123;NL11;1;57123;SEK
140970;KZ;I;2013-02-17;500;2013-07-15;2;MAXEYS-MOTORSERVICES;C8;1;B;PLN;;K4;;PLN;28453588;141914454;;57123;KZ10;1;57123;PLN
140971;M;I;2013-02-17;800;2013-07-15;9;MAXEYS-MOTORSERVICES;C5;1;B;RUB;;K4;;PLN;28453588;113183969;;57123;GB10;1;57123;EUR
140972;KZ;I;2013-02-17;200;2013-07-15;6;MAXEYS-MOTORSERVICES;C2;1;H;RUB;;K4;;RUB;28453588;203615798;;57123;GB10;1;57123;RUB
140973;M;I;2013-09-15;200;2013-07-15;6;MAXEYS-MOTORSERVICES;C3;1;G;GEL;;K4;;RUB;28453588;120903808;;57123;GB10;1;57123;RUB
140974;M;I;2013-01-20;700;2013-07-15;4;MAXEYS-MOTORSERVICES;C7;1;G;GEL;;K4;;GEL;28453588;173855568;;57123;RU11;1;57123;GEL
140975;M;I;2013-01-20;600;2013-06-14;8;ODUM-BAKERY;C6;1;G;GEL;;K4;;GEL;28453588;173855568;;57123;RU11;1;57123;GEL
140976;M;I;2013-01-20;600;2013-06-14;4;ODUM-BAKERY;C1;1;G;SEK;;K4;;GEL;28453588;173855568;;57123;RO30;1;57123;GEL
140977;M;I;2013-01-20;600;2013-08-02;3;ODUM-BAKERY;C1;1;G;SEK;;K4;;SEK;28453588;159110408;;53364;RO30;1;53364;SEK
140978;M;I;2013-04-05;800;2013-08-02;1;ODUM-BAKERY;C7;1;G;SEK;;K4;;SEK;28453588;173289218;;55684;RO30;1;55684;SEK
140979;M;I;2013-04-05;800;2013-08-02;7;ODUM-BAKERY;C5;1;B;SEK;;K4;;SEK;12245658;129568809;;55684;GB10;1;55684;SEK
140980;KZ;I;2013-10-03;700;2013-08-02;5;CHULA-TEXTILES;C8;1;B;SEK;;K4;;SEK;12245658;142975069;;55684;GB10;1;55684;SEK
140981;M;I;2013-11-18;700;2013-08-02;5;WITHERS-LANDSCAPING;C6;1;B;SEK;;K4;;SEK;12245658;116492901;;58945;UA10;1;58945;SEK
140982;KZ;I;2013-11-18;500;2013-08-02;3;WITHERS-LANDSCAPING;C4;1;H;SEK;;K4;;SEK;17201587;116492901;;58945;UA10;1;58945;SEK
140983;KZ;I;2013-11-18;400;2013-08-02;1;WITHERS-LANDSCAPING;C7;1;G;SEK;;K4;;SEK;17201587;152336914;;50802;UA10;1;50802;SEK
140984;M;I;2013-05-26;700;2013-08-02;3;QUITMAN-MOTORSERVICES;C8;1;G;RON;;K4;;SEK;17201587;144111607;;50802;UA10;1;50802;SEK
140985;M;I;2013-02-23;500;2013-08-02;6;CUTHBERT-ACCOUNTING;C3;9;G;RON;;K4;;RON;10873484;132103106;;50802;UA10;1;50802;GEL
140986;KZ;I;2013-06-03;600;2013-08-02;8;BUSHNELL-STUDIOS;C8;1;G;RON;;K4;;RON;10873484;198804998;;52420;UA10;1;52420;RON
140987;KZ;I;2013-06-03;100;2013-08-02;6;BUSHNELL-STUDIOS;C8;1;H;RON;;K4;;RON;10873484;198804998;;52420;UA10;1;52420;GBP
140988;KZ;I;2013-06-03;300;2013-08-02;2;BUSHNELL-STUDIOS;C4;1;H;RON;;K4;;RON;10873484;198804998;;52420;UA10;1;52420;RON
140989;KZ;I;2013-06-03;800;2013-11-16;2;BUSHNELL-STUDIOS;C2;1;H;PLN;;K4;;RON;10873484;198804998;;52420;UA10;1;52420;RON
140990;M;I;2013-07-02;600;2013-11-16;4;BUSHNELL-STUDIOS;C4;1;H;PLN;;K4;;PLN;10873484;214845322;;52420;UA10;1;52420;PLN
140991;M;I;2013-07-02;700;2013-11-16;9;BUSHNELL-STUDIOS;C7;1;H;PLN;;K4;;PLN;29740695;214845322;;52420;UA10;1;52420;PLN
140992;M;I;2013-04-07;100;2013-11-16;8;BUSHNELL-STUDIOS;C3;1;H;PLN;;K4;;PLN;29740695;214845322;;52420;UA10;1;52420;PLN
140993;M;I;2013-09-06;200;2013-11-16;8;BUSHNELL-STUDIOS;C3;1;H;PLN;;K4;;PLN;29740695;185076017;;52420;GE10;1;52420;PLN
140994;KZ;I;2013-02-23;100;2013-11-16;3;BUSHNELL-STUDIOS;C6;1;H;EUR;;K4;;PLN;29740695;163580865;;52420;UA10;1;52420;PLN
140995;M;I;2013-01-12;600;2013-10-24;3;BUSHNELL-STUDIOS;C1;1;H;EUR;;K4;;EUR;29740695;177702686;;52420;UA10;1;52420;RUB
140996;M;I;2013-01-12;400;2013-10-24;7;AMBOY-TRAVEL;C5;1;H;EUR;;K4;;EUR;29740695;147334528;;52420;RU10;1;52420;EUR
140997;M;I;2013-01-12;100;2013-10-24;1;AMBOY-TRAVEL;C2;1;B;EUR;;K4;;EUR;29740695;147334528;;52420;RU10;1;52420;EUR
140998;M;I;2013-01-12;600;2013-10-24;6;AMBOY-TRAVEL;C1;1;B;EUR;;K4;;EUR;29740695;147334528;;52420;RU10;1;52420;EUR
140999;M;I;2013-01-12;500;2013-10-24;9;AMBOY-TRAVEL;C8;1;B;EUR;;K4;;EUR;24177979;168731268;;52420;RU10;1;52420;EUR
141000;M;I;2013-07-18;500;2013-10-24;4;AMBOY-TRAVEL;C6;1;B;EUR;;K4;;EUR;24177979;166347708;;52420;RU10;1;52420;EUR
141001;M;I;2013-07-18;800;2013-10-24;7;AMBOY-TRAVEL;C8;1;B;EUR;;K4;;EUR;18050179;188595999;;52420;RO30;1;52420;EUR
141002;KZ;I;2013-02-26;300;2013-04-08;1;AMBOY-TRAVEL;C7;1;G;EUR;;K4;;EUR;18050179;188595999;;52420;RO30;1;52420;EUR
141003;KZ;I;2013-02-26;300;2013-04-08;1;AMBOY-TRAVEL;C6;1;G;EUR;;K4;;EUR;18050179;140723052;;52420;RO30;1;52420;EUR
141004;M;I;2013-09-23;100;2013-04-08;3;AMBOY-TRAVEL;C7;9;G;EUR;;K4;;EUR;18050179;140723052;;52420;UA10;1;52420;GBP
141005;KZ;I;2013-09-23;400;2013-04-08;3;AMBOY-TRAVEL;C7;9;G;EUR;;K4;;EUR;15217828;185989014;;52420;UA10;1;52420;EUR
141006;KZ;I;2013-02-12;400;2013-04-08;6;AMBOY-TRAVEL;C4;1;G;EUR;;K4;;EUR;15217828;183910043;;57845;GB10;1;57845;UAH
141007;KZ;I;2013-02-12;300;2013-04-08;5;AMBOY-TRAVEL;C6;1;G;EUR;;K4;;EUR;15217828;183910043;;57845;GB10;1;57845;EUR
141008;KZ;I;2013-02-12;200;2013-01-03;8;AMBOY-TRAVEL;C2;1;G;PLN;;K4;;EUR;15217828;183910043;;52992;GB10;1;52992;EUR
141009;KZ;I;2013-02-12;400;2013-01-03;6;AMBOY-TRAVEL;C4;1;G;PLN;;K4;;PLN;15217828;223204064;;52992;GB10;1;52992;PLN
141010;M;I;2013-03-30;800;2013-06-06;6;AMBOY-TRAVEL;C5;1;B;PLN;;K4;;PLN;15217828;132740653;;55889;GB10;1;55889;RUB
141011;KZ;I;2013-12-15;700;2013-06-06;7;AMBOY-TRAVEL;C8;1;B;PLN;;K4;;PLN;15217828;157092547;;55889;GB10;1;55889;PLN
141012;KZ;I;2013-01-03;600;2013-12-14;7;AMBOY-TRAVEL;C6;1;G;PLN;;K4;;PLN;15217828;171975707;;55889;GB10;1;55889;PLN
141013;KZ;I;2013-01-31;300;2013-12-14;3;AMBOY-TRAVEL;C4;1;G;PLN;;K4;;PLN;14073522;135460686;;55889;GB10;1;55889;PLN
141014;KZ;I;2013-01-31;500;2013-11-09;8;AMBOY-TRAVEL;C6;1;G;PLN;;K4;;PLN;28659801;135460686;;55889;NL11;1;55889;PLN
141015;KZ;I;2013-10-12;200;2013-11-09;1;AMBOY-TRAVEL;C3;1;G;PLN;;K4;;PLN;28659801;225608445;;55889;NL11;1;55889;KZT
141016;KZ;I;2013-10-12;400;2013-11-09;3;NEWTON-LANDSCAPING;C7;1;G;PLN;;K4;;PLN;22818896;132810974;;50564;BE10;1;50564;PLN
141017;M;I;2013-11-08;700;2013-11-09;7;NEWTON-LANDSCAPING;C1;1;G;PLN;;K4;;PLN;22818896;129301717;;54490;BE10;1;54490;PLN
141018;M;I;2013-11-08;300;2013-11-09;4;NEWTON-LANDSCAPING;C6;1;G;PLN;;K4;;PLN;12540448;129301717;;54490;BE10;1;54490;PLN
141019;M;I;2013-11-08;600;2013-11-09;3;MCRAE-SOFTWARE;C2;1;G;PLN;;K4;;PLN;14080086;148779711;;54490;BE10;1;54490;PLN
141020;KZ;I;2013-11-08;800;2013-11-09;2;MCRAE-SOFTWARE;C6;1;G;PLN;;K4;;PLN;14080086;197777409;;54490;BE10;1;54490;PLN
141021;M;I;2013-11-08;500;2013-11-09;8;MCRAE-SOFTWARE;C1;1;G;UAH;;K4;;PLN;29985195;197777409;;54490;BE10;1;54490;PLN
141022;KZ;I;2013-11-08;300;2013-12-17;8;MCRAE-SOFTWARE;C8;1;G;UAH;;K4;;UAH;29985195;213792408;;54490;BE10;1;54490;SEK
141023;KZ;I;2013-02-16;200;2013-12-17;5;MCRAE-SOFTWARE;C3;1;G;UAH;;K4;;UAH;29985195;213792408;;54490;BE10;1;54490;UAH
141024;M;I;2013-07-20;700;2013-12-17;9;MCRAE-SOFTWARE;C8;1;L;UAH;;K4;;UAH;29985195;184913661;;54490;BE10;1;54490;UAH
141025;KZ;I;2013-11-04;200;2013-12-17;7;LULATON-BAKERY;C7;1;L;UAH;;K4;;UAH;29985195;179704685;;54490;BE10;1;54490;UAH
141026;M;I;2013-11-04;700;2013-12-17;5;LULATON-BAKERY;C8;1;L;UAH;;K4;;UAH;29735045;221762150;;57459;140;1;57459;UAH
141027;KZ;I;2013-12-01;600;2013-12-17;9;LULATON-BAKERY;C1;1;B;UAH;;K4;;UAH;13691286;221762150;;57459;140;1;57459;RUB
141028;KZ;I;2013-03-16;500;2013-10-14;6;LULATON-BAKERY;C4;9;B;RUB;;K4;;UAH;13691286;112648352;;52887;140;1;52887;GEL
141029;KZ;I;2013-03-16;500;2013-10-14;5;LULATON-BAKERY;C3;1;B;RUB;;K4;;RUB;13691286;112648352;;52887;140;1;52887;RUB
141030;KZ;I;2013-07-11;100;2013-10-14;6;LULATON-BAKERY;C3;1;B;RUB;;K4;;RUB;13691286;112648352;;52887;140;1;52887;RON
141031;KZ;I;2013-07-11;300;2013-10-14;8;LULATON-BAKERY;C4;1;B;RUB;;K4;;RUB;13691286;210783881;;52887;140;1;52887;RUB
141032;KZ;I;2013-07-11;600;2013-03-27;5;LULATON-BAKERY;C6;1;B;RUB;;K4;;RUB;13691286;118818335;;54682;PL10;1;54682;RUB
141033;M;I;2013-03-13;500;2013-03-27;7;LULATON-BAKERY;C8;1;B;GEL;;K4;;RUB;13691286;135945680;;54682;RO10;1;54682;RUB
141034;M;I;2013-03-13;500;2013-03-27;2;TARVER-DEVELOPMENT;C8;1;B;GBP;;K4;;GEL;14185367;207238382;;50951;RO10;1;50951;GEL
141035;KZ;I;2013-06-26;500;2013-03-27;5;FLEMINGTON-SIGNS;C1;1;B;GBP;;K4;;GBP;14185367;160784596;;50951;SE10;1;50951;GBP
141036;KZ;I;2013-06-26;300;2013-03-27;9;FLEMINGTON-SIGNS;C8;1;B;GBP;;K4;;GBP;14185367;161808430;;50951;SE10;1;50951;GBP
141037;M;I;2013-06-26;800;2013-03-27;6;FLEMINGTON-SIGNS;C4;1;B;GBP;;K4;;GBP;14185367;139648100;;50951;NL11;1;50951;KZT
141038;M;I;2013-02-01;300;2013-03-27;4;FLEMINGTON-SIGNS;C3;1;B;GBP;;K4;;GBP;14185367;139648100;;50951;GB30;1;50951;GBP
141039;KZ;I;2013-12-21;100;2013-03-27;5;FLEMINGTON-SIGNS;C6;1;B;GBP;;K4;;GBP;14185367;157438482;;50951;BE10;1;50951;GBP
141040;KZ;I;2013-12-21;400;2013-03-27;3;FLEMINGTON-SIGNS;C4;1;B;GBP;;K4;;GBP;14185367;157438482;;55268;BE10;1;55268;GBP
141041;M;I;2013-12-21;500;2013-03-27;7;FLEMINGTON-SIGNS;C6;1;B;GBP;;K4;;GBP;14185367;112321390;;55268;BE10;1;55268;GBP
141042;M;I;2013-12-21;100;2013-03-27;6;FLEMINGTON-SIGNS;C5;1;H;GBP;;K4;;GBP;20487408;158649365;;55268;BE10;1;55268;GBP
141043;M;I;2013-12-21;200;2013-03-27;6;FLEMINGTON-SIGNS;C4;1;H;GBP;;K4;;GBP;13315606;158649365;;54315;BE10;1;54315;GBP
141044;KZ;I;2013-12-21;300;2013-03-27;2;FLEMINGTON-SIGNS;C5;1;B;GBP;;K4;;GBP;13315606;135243135;;54315;BE10;1;54315;GBP
141045;M;I;2013-12-21;600;2013-08-18;2;FLEMINGTON-SIGNS;C6;1;G;GBP;;K4;;GBP;13315606;200826550;;54315;BE10;1;54315;GBP
141046;M;I;2013-01-21;500;2013-08-18;1;FLEMINGTON-SIGNS;C2;9;G;GBP;;K4;;GBP;13315606;187354376;;54315;RO10;1;54315;GBP
141047;M;I;2013-05-20;600;2013-06-19;8;FLEMINGTON-SIGNS;C3;1;G;GBP;;K4;;GBP;13315606;187354376;;50856;RO10;1;50856;GBP
141048;M;I;2013-05-20;200;2013-06-19;4;FLEMINGTON-SIGNS;C3;1;G;KZT;;K4;;GBP;16947457;187354376;;59039;RO10;1;59039;GBP
141049;M;I;2013-03-27;100;2013-06-19;1;FLEMINGTON-SIGNS;C8;1;G;KZT;;K4;;KZT;16947457;148956124;;59039;BE10;1;59039;KZT
141050;KZ;I;2013-03-24;500;2013-06-19;1;FLEMINGTON-SIGNS;C2;1;G;RUB;;K4;;KZT;16947457;178552023;;59039;BE10;1;59039;KZT
141051;KZ;I;2013-02-13;100;2013-06-19;5;FLEMINGTON-SIGNS;C6;1;G;RUB;;K4;;RUB;16947457;143474032;;59039;BE10;1;59039;RUB
141052;KZ;I;2013-02-13;600;2013-11-17;8;FLEMINGTON-SIGNS;C6;1;L;RUB;;K4;;RUB;16947457;169232611;;53721;BE10;1;53721;RUB
141053;KZ;I;2013-02-13;200;2013-11-17;2;FLEMINGTON-SIGNS;C3;1;L;RUB;;K4;;RUB;16947457;138360105;;53721;BE10;1;53721;RUB
141054;M;I;2013-12-15;500;2013-11-17;5;FLEMINGTON-SIGNS;C1;1;L;RUB;;K4;;RUB;27188259;126612535;;53721;RU11;1;53721;RUB
141055;M;I;2013-12-15;600;2013-11-17;7;FLEMINGTON-SIGNS;C1;1;L;RUB;;K4;;RUB;27188259;189307809;;53721;PL10;1;53721;UAH
141056;KZ;I;2013-05-11;300;2013-11-17;2;FLEMINGTON-SIGNS;C6;1;L;RUB;;K4;;RUB;27188259;189307809;;53721;PL10;1;53721;RUB
141057;KZ;I;2013-05-11;100;2013-07-25;4;DOCKJUNCTION-REALTY;C4;1;L;RUB;;K4;;RUB;27188259;189307809;;53721;PL10;1;53721;RUB
141058;KZ;I;2013-05-07;300;2013-07-25;4;DOCKJUNCTION-REALTY;C6;1;L;KZT;;K4;;RUB;27188259;213787109;;53721;BE10;1;53721;RUB
141059;M;I;2013-02-20;200;2013-07-25;9;DOCKJUNCTION-REALTY;C6;1;L;KZT;;K4;;KZT;27188259;140080581;;53721;BE10;1;53721;RON
141060;M;I;2013-09-07;800;2013-07-25;5;DOCKJUNCTION-REALTY;C8;1;L;KZT;;K4;;KZT;27188259;220287971;;53721;BE10;1;53721;RON
141061;KZ;I;2013-03-24;800;2013-07-03;5;DOCKJUNCTION-REALTY;C2;1;L;KZT;;K4;;KZT;27188259;124680683;;53721;UA10;1;53721;KZT
141062;KZ;I;2013-12-25;100;2013-08-21;7;DOCKJUNCTION-REALTY;C3;1;L;KZT;;K4;;KZT;27188259;110075526;;53721;BE10;1;53721;KZT
141063;M;I;2013-12-25;100;2013-08-21;4;DOCKJUNCTION-REALTY;C2;1;L;KZT;;K4;;KZT;21163691;198462677;;54558;BE10;1;54558;KZT
141064;KZ;I;2013-05-19;200;2013-07-22;2;DOCKJUNCTION-REALTY;C2;1;H;KZT;;K4;;KZT;21163691;194380795;;54558;BE10;1;54558;KZT
141065;M;I;2013-05-19;400;2013-07-04;5;DOCKJUNCTION-REALTY;C2;1;H;KZT;;K4;;KZT;25137563;149891167;;52915;RU11;1;52915;KZT
141066;M;I;2013-03-10;700;2013-07-04;9;DOCKJUNCTION-REALTY;C3;1;H;KZT;;K4;;KZT;25137563;115327440;;52915;RU11;1;52915;KZT
141067;M;I;2013-03-10;500;2013-07-04;8;DOCKJUNCTION-REALTY;C1;1;H;KZT;;K4;;KZT;25137563;168326642;;52915;RU11;1;52915;KZT
141068;M;I;2013-03-23;400;2013-01-11;2;PINEVIEW-GYMNASIUM;C7;1;H;KZT;;K4;;KZT;21851222;131637952;;52915;PL10;1;52915;KZT
141069;M;I;2013-06-23;800;2013-01-11;8;PINEVIEW-GYMNASIUM;C6;1;H;PLN;;K4;;KZT;21851222;118846698;;52915;PL10;1;52915;KZT
141070;M;I;2013-06-23;400;2013-01-11;5;REGISTER-MOTORSERVICES;C6;1;H;PLN;;K4;;PLN;21851222;130801826;;56523;UA10;1;56523;SEK
141071;KZ;I;2013-06-23;200;2013-01-11;8;STONEMOUNTAIN-LANDSCAPING;C5;1;L;PLN;;K4;;PLN;21851222;156622185;;56523;UA10;1;56523;PLN
141072;M;I;2013-02-26;100;2013-01-11;8;STONEMOUNTAIN-LANDSCAPING;C6;1;L;PLN;;K4;;PLN;27175315;137414613;;56523;UA10;1;56523;PLN
141073;M;I;2013-06-04;800;2013-01-11;1;STONEMOUNTAIN-LANDSCAPING;C4;1;L;SEK;;K4;;PLN;27175315;178444191;;56523;UA10;1;56523;PLN
141074;M;I;2013-06-17;500;2013-01-11;3;STONEMOUNTAIN-LANDSCAPING;C2;1;L;SEK;;K4;;SEK;27175315;162812456;;56523;UA10;1;56523;SEK
141075;M;I;2013-06-17;600;2013-01-11;5;RIDGEVILLE-MEDICALSUPPLIES;C8;1;L;SEK;;K4;;SEK;27175315;190940625;;58591;UA10;1;58591;SEK
141076;M;I;2013-10-07;500;2013-01-11;9;RIDGEVILLE-MEDICALSUPPLIES;C1;1;L;SEK;;K4;;SEK;27175315;190940625;;58591;UA10;1;58591;EUR
141077;M;I;2013-12-14;700;2013-01-11;7;RIDGEVILLE-MEDICALSUPPLIES;C6;1;L;SEK;;K4;;SEK;24119496;126560834;;54207;UA10;1;54207;KZT
141078;M;I;2013-09-30;400;2013-12-23;2;RIDGEVILLE-MEDICALSUPPLIES;C5;1;C;SEK;;K4;;SEK;19498330;198152490;;54207;UA10;1;54207;SEK
141079;KZ;I;2013-04-05;400;2013-12-23;8;RIDGEVILLE-MEDICALSUPPLIES;C6;1;C;SEK;;K4;;SEK;19498330;192447437;;54207;UA10;1;54207;SEK
141080;KZ;I;2013-09-30;200;2013-12-23;3;RIDGEVILLE-MEDICALSUPPLIES;C5;1;L;RON;;K4;;SEK;19498330;192447437;;54207;140;1;54207;SEK
141081;KZ;I;2013-09-30;100;2013-12-23;2;RIDGEVILLE-MEDICALSUPPLIES;C3;1;L;RON;;K4;;RON;19498330;192447437;;54207;RO60;1;54207;KZT
141082;KZ;I;2013-09-30;500;2013-12-23;7;RIDGEVILLE-MEDICALSUPPLIES;C7;1;L;RUB;;K4;;RON;17629265;137982780;;54207;UA10;1;54207;RON
141083;KZ;I;2013-09-22;300;2013-12-23;9;GRAY-ENGINEERING;C8;1;L;RUB;;K4;;RUB;17629265;116055519;;54207;UA10;1;54207;RUB
141084;M;I;2013-09-22;500;2013-12-23;4;CANTON-DEVELOPMENT;C1;1;L;PLN;;K4;;RUB;17629265;116055519;;54207;RO60;1;54207;RUB
141085;KZ;I;2013-05-11;600;2013-12-23;8;CANTON-DEVELOPMENT;C7;1;B;PLN;;K4;;PLN;17629265;146634687;;54207;RO60;1;54207;PLN
141086;M;I;2013-09-07;600;2013-05-03;7;CANTON-DEVELOPMENT;C2;1;L;PLN;;K4;;PLN;27591215;143100104;;54207;RO60;1;54207;PLN
141087;M;I;2013-09-07;800;2013-05-03;8;CANTON-DEVELOPMENT;C2;1;L;PLN;;K4;;PLN;16819240;133538127;;54207;RO60;1;54207;PLN
141088;KZ;I;2013-12-18;500;2013-03-02;7;CANTON-DEVELOPMENT;C7;1;L;PLN;;K4;;PLN;16819240;133538127;;54207;RO60;1;54207;PLN
141089;KZ;I;2013-03-07;500;2013-03-02;2;CANTON-DEVELOPMENT;C5;1;L;PLN;;K4;;PLN;16819240;160778208;;54207;KZ10;1;54207;PLN
141090;M;I;2013-08-11;100;2013-05-15;8;CANTON-DEVELOPMENT;C2;1;L;RON;;K4;;PLN;16819240;145661986;;54207;KZ10;1;54207;GEL
141091;KZ;I;2013-08-11;400;2013-05-15;2;CANTON-DEVELOPMENT;C1;1;L;RON;;K4;;RON;16819240;135870205;;54207;RO10;1;54207;RON
141092;KZ;I;2013-08-11;700;2013-05-15;2;CANTON-DEVELOPMENT;C8;1;L;RON;;K4;;RON;16819240;202078635;;54207;RO10;1;54207;RON
141093;M;I;2013-08-11;600;2013-05-15;2;CANTON-DEVELOPMENT;C5;1;H;RON;;K4;;RON;13437947;197437097;;54207;RO10;1;54207;RON
141094;M;I;2013-08-11;600;2013-05-15;7;CANTON-DEVELOPMENT;C5;1;H;RON;;K4;;RON;13437947;180844973;;57612;GE10;1;57612;UAH
141095;M;I;2013-04-02;400;2013-05-15;9;CANTON-DEVELOPMENT;C2;1;L;RON;;K4;;RON;13437947;125227541;;57612;GB10;1;57612;RON
141096;KZ;I;2013-07-13;700;2013-05-15;4;CANTON-DEVELOPMENT;C5;1;L;RON;;K4;;RON;13539172;126040371;;57612;GB10;1;57612;RON
141097;KZ;I;2013-07-13;600;2013-05-15;1;CANTON-DEVELOPMENT;C2;1;L;RON;;K4;;RON;13539172;126040371;;57612;GB10;1;57612;RON
141098;KZ;I;2013-03-26;400;2013-05-15;4;CANTON-DEVELOPMENT;C3;1;L;KZT;;K4;;RON;16196354;126040371;;57612;GB10;1;57612;RON
141099;KZ;I;2013-03-26;700;2013-05-15;8;CANTON-DEVELOPMENT;C2;1;L;KZT;;K4;;KZT;16196354;126040371;;57612;RO60;1;57612;KZT
141100;M;I;2013-02-08;700;2013-03-01;1;CANTON-DEVELOPMENT;C2;1;L;KZT;;K4;;KZT;16196354;149053645;;57612;RO60;1;57612;KZT
141101;KZ;I;2013-04-07;300;2013-03-01;8;CANTON-DEVELOPMENT;C4;1;L;KZT;;K4;;KZT;16196354;149053645;;57612;RO60;1;57612;KZT
141102;M;I;2013-10-16;100;2013-03-01;4;CANTON-DEVELOPMENT;C4;1;L;KZT;;K4;;KZT;11739104;149053645;;57612;RO60;1;57612;SEK
141103;KZ;I;2013-10-16;600;2013-03-01;7;CANTON-DEVELOPMENT;C5;1;C;PLN;;K4;;KZT;11739104;111168354;;57612;RO60;1;57612;KZT
141104;KZ;I;2013-10-16;100;2013-03-01;8;CANTON-DEVELOPMENT;C5;1;C;PLN;;K4;;PLN;11739104;118700022;;52351;RO60;1;52351;RUB
141105;KZ;I;2013-10-16;400;2013-03-01;5;CANTON-DEVELOPMENT;C4;1;C;PLN;;K4;;PLN;11739104;118700022;;52351;BE10;1;52351;PLN
141106;KZ;I;2013-10-16;100;2013-03-01;3;CANTON-DEVELOPMENT;C7;1;C;PLN;;K4;;PLN;11739104;118700022;;52351;BE10;1;52351;PLN
141107;M;I;2013-10-16;500;2013-03-01;9;CANTON-DEVELOPMENT;C8;1;C;PLN;;K4;;PLN;11739104;203202003;;52351;BE10;1;52351;PLN
141108;M;I;2013-10-16;800;2013-03-01;5;CANTON-DEVELOPMENT;C1;1;C;RUB;;K4;;PLN;11739104;203202003;;52351;BE10;1;52351;PLN
141109;KZ;I;2013-03-05;700;2013-03-01;6;CANTON-DEVELOPMENT;C1;1;C;RUB;;K4;;RUB;12926802;201205822;;52351;BE10;1;52351;RUB
141110;KZ;I;2013-12-28;400;2013-03-01;4;CANTON-DEVELOPMENT;C2;1;C;RUB;;K4;;RUB;12926802;222740848;;53593;BE10;1;53593;RUB
