Bill Doc;Item;Billed Quantity;SU;BUn;Bill qty in SKU;Required quantity;Net weight;Gross weight;WUn;BusA;Created by;Created on;Time;Pricing dt;Serv rend;Net value;PrCat;Sales Doc;Item;Material;Description;Matl Group;ItCa;Product hierarchy;ShPt;Dv;Plnt;Ctry;Reg;Prcg;AAG;SGrp;Soff;Di;Ret;Cost;Value of invgross;Value w/o freight;Value of all bills;Freight cost;Subtotal 5;Bonus paid;Profit Ctr;MG 2;MG 3;MG 4;MG 5;Material entered;Reb basis;COAr;Prof Seg;Credit price;Credit active;Usage;DisO;PO;MPr;RO;DocCa;Tax amount;OrdRs;TranslDate
300;10;339,670;MIN;MIN;339,670;451,300;0,000;0,000;TO;6704;Ballard.Rocky;2014-06-20;01:00:00;2014-07-28;2014-07-28;76.300,42;J;3405001;10;000000000056094238;hid what headphones is trying suspense;058193;pw15;410712731797;6704;70;6704;DN;YX;X;82;70;;50;;33.919,18;7.205,11;615,61;2,49;76.300,42;21.655,10;5.951,13;0604864191;;;;B00;000000000068349350;76.300,42;;33948568;66,73;;B84;GBW285;DN;A;GZ;C;15.260,08;B08;2128-06-22
300;60;302,410;M3;M3;302,410;362,700;695,543;695,543;TO;1987;Ballard.Rocky;2014-06-20;01:00:00;2014-02-02;2014-02-02;37.387,21;J;3405001;60;000000000059835141;on it good numbers sidekick while;055359;yp17;410712731797;1987;60;1987;DN;YX;X;52;70;;40;;35.291,83;1.243,41;3.391,25;6,90;76.300,42;24.036,19;3.144,31;0156707857;;B69;;B00;000000000074212066;37.387,21;;37357918;71,48;;B86;GBB365;DN;;GZ;C;7.477,44;B08;2128-05-13
300;70;512,260;TO;TO;512,260;464,200;512,260;512,260;TO;7876;Ballard.Rocky;2014-06-20;01:00:00;2014-02-02;2014-02-02;76.300,42;J;3405001;70;000000000059835141;on it good numbers sidekick while;055359;yp17;253387874005;7876;30;7876;DN;YX;X;52;70;;60;;11.344,50;7.639,24;1.575,80;2,37;76.300,42;21.654,85;14.599,70;0604864191;;B00;;B00;000000000074212066;76.300,42;;08730858;81,39;;B0B;GBI790;DN;;GZ;C;15.260,08;B08;2128-05-10
300;70;419,510;TO;TO;419,510;464,200;419,510;419,510;TO;7876;Ballard.Rocky;2014-06-20;01:00:00;2014-02-02;2014-02-02;76.300,42;J;3405001;70;000000000059835141;on it good numbers sidekick while;055359;yp17;253387874005;7876;30;7876;DN;YX;B;52;70;;0;;3.137,84;7.639,24;4.146,84;6,97;76.300,42;36.703,14;14.599,70;0604864191;;B00;;B00;000000000074212066;76.300,42;;26595497;114,64;;B86;GBA740;DN;;GZ;C;15.260,08;B08;2128-06-21
300;80;187,670;KG;KG;187,670;225,700;187,670;187,670;KG;7876;Ballard.Rocky;2014-06-20;01:00:00;2014-02-02;2014-02-02;76.300,42;J;3405001;80;000000000074343574;red demanded sits took sits to;048320;ib20;253387874005;7876;0;7876;DN;YX;X;52;70;;60;;32.043,79;6.863,45;1.394,62;6,96;76.300,42;30.354,86;12.506,00;0604864191;;B00;;B04;000000000079549185;76.300,42;;03212640;13,68;;B0B;GBW524;DN;;GZ;C;15.260,08;B08;2128-05-19
300;100;419,360;MIN;MIN;419,360;475,200;0,000;0,000;TO;7302;Ballard.Rocky;2014-06-20;01:00:00;2014-02-02;2014-02-02;80.734,42;J;3405002;100;000000000074343574;red demanded sits took sits to;048320;ib20;253387874005;7302;30;7302;DN;YX;X;51;70;;0;;33.501,26;7.143,73;3.146,26;2,15;80.734,42;31.998,46;15.440,70;0215867472;;B21;;B32;000000000079549185;80.734,42;;26466156;207,64;;B0B;GBA321;DN;A;GZ;C;16.146,88;B08;2128-06-18
300;110;196,070;MIN;MIN;196,070;338,100;0,000;0,000;TO;7302;Ballard.Rocky;2014-06-20;01:00:00;2014-02-03;2014-02-03;80.734,42;J;3405002;110;000000000074343574;red demanded sits took sits to;048320;ib20;253387874005;7302;50;7302;DN;YX;X;84;70;;0;;26.923,20;6.536,85;1.320,52;6,88;80.734,42;10.468,61;13.845,90;0215867472;B13;;;B68;000000000079549185;80.734,42;;36158722;69,07;;B86;GBX049;DN;;GZ;C;16.146,88;B08;2128-05-03
300;140;349,570;M3;M3;349,570;449,900;804,011;804,011;TO;6462;Ballard.Rocky;2014-06-20;01:00:00;2014-02-02;2014-02-02;80.734,42;J;3405002;140;000000000041420588;world discovered boon in hot the;007478;ap07;253387874005;6462;50;6462;DN;YX;X;76;70;;10;;33.895,92;7.229,40;3.634,05;6,91;80.734,42;27.604,54;14.018,04;0617070113;;;;B64;000000000067235933;80.734,42;;07353763;74,64;;B0B;GBW062;DN;;GZ;C;16.146,88;B08;2128-06-08
300;150;502,120;KG;KG;502,120;543,400;0,502;0,502;TO;4478;Ballard.Rocky;2014-06-20;01:00:00;2014-02-02;2014-02-02;80.734,42;J;3405002;150;000000000041420588;world discovered boon in hot the;007478;ap07;913464870535;4478;50;4478;DN;YX;X;52;70;;10;;34.546,17;6.893,80;4.800,38;6,90;80.734,42;18.379,51;5.477,76;0623147794;;;;B64;000000000067235933;80.734,42;;12064302;-7,47;;B0B;GBH971;DN;A;GZ;C;16.146,88;B08;2128-05-24
300;150;531,340;KG;KG;531,340;543,400;0,531;0,531;TO;4478;Ballard.Rocky;2014-06-20;01:00:00;2014-02-02;2014-02-02;80.734,42;J;3405002;150;000000000041420588;world discovered boon in hot the;007478;ap07;913464870535;4478;50;4478;DN;YX;X;52;70;;20;;34.546,17;6.893,80;4.800,38;6,90;80.734,42;11.579,09;14.415,15;0623147794;;;;B64;000000000067235933;80.734,42;;24859158;-16,82;;B0B;GBE630;DN;;GZ;C;16.146,88;B08;2128-07-30
300;160;234,960;TO;TO;234,960;328,800;234.960,000;234.960,000;KG;4478;Ballard.Rocky;2014-06-20;01:00:00;2014-02-02;2014-02-02;80.734,42;J;3405002;160;000000000031587328;room others text generated monster;002785;xj90;913464870535;4478;80;4478;DN;YX;X;64;70;;40;;16.237,34;5.329,39;3.744,31;6,89;27.449,70;24.989,14;14.734,50;0604864191;B57;;;B12;000000000061426387;80.734,42;;08755739;117,08;;B0B;GBU020;DN;;GZ;C;16.146,88;B08;2128-07-06
300;160;285,540;TO;TO;285,540;328,800;285.540,000;285.540,000;KG;4478;Ballard.Rocky;2014-06-20;01:00:00;2014-02-02;2014-02-02;80.734,42;J;3405002;160;000000000031587328;room others text generated monster;002785;xj90;913464870535;4478;80;4478;DN;YX;B;90;70;;70;;33.827,79;1.492,23;3.744,31;6,89;67.009,57;14.874,49;8.693,36;0604864191;B57;;;B12;000000000061426387;80.734,42;;07900525;93,66;;B88;GBV700;DN;;GZ;C;16.146,88;B08;2128-06-25
300;180;256,180;KG;KG;256,180;277,000;256,180;256,180;KG;9905;Ballard.Rocky;2014-06-20;01:00:00;2014-02-02;2014-02-02;44.994,93;J;3405003;180;000000000018397898;probably pique red leader days;055407;ju58;384071289184;9905;20;9905;DN;YX;X;61;30;;20;;28.353,05;6.826,77;3.820,39;6,90;95.733,90;33.111,64;13.649,79;0003836493;;;;B40;000000000062040606;44.994,93;;27364040;-0,53;;B0B;GBH559;DN;;GZ;C;8.998,99;B08;2128-04-30
300;180;212,930;KG;KG;212,930;277,000;212,930;212,930;KG;9905;Ballard.Rocky;2014-06-20;01:00:00;2014-02-06;2014-02-06;95.733,90;J;3405003;180;000000000018397898;probably pique red leader days;055407;ju58;384071289184;9905;20;9905;DN;YX;X;61;30;;20;;28.353,05;6.826,77;3.820,39;6,90;48.824,29;33.111,64;13.649,79;0003836493;;;;B40;000000000062040606;95.733,90;;12483248;-0,53;;B0B;GBL058;DN;;GZ;C;19.146,78;B08;2128-03-04
300;240;305,740;KG;KG;305,740;389,800;0,306;0,306;TO;1381;Ballard.Rocky;2014-06-20;01:00:00;2014-02-19;2014-02-19;5,04;J;3405006;240;000000000038504951;boon rabbit with took ill numbers;031404;ob06;818899125005;1381;10;1381;DN;YX;B;10;80;;60;;45,84;45,84;45,84;6,88;45,84;32.454,28;14.379,90;0451115768;;B00;;B59;000000000069925284;5,04;;18731388;76,70;;B0B;GBT436;DN;;GZ;C;1,01;;2128-07-19
300;250;353,650;KG;KG;353,650;388,800;0,354;0,354;TO;1381;Ballard.Rocky;2014-06-20;01:00:00;2014-02-02;2014-02-02;45,84;J;3405006;250;000000000038504951;boon rabbit with took ill numbers;031404;ob06;552757810274;1381;60;1381;DN;YX;X;15;80;;60;;45,84;45,84;45,84;6,93;45,84;42.380,28;15.166,49;0451115768;B13;;;B77;000000000069925284;45,84;;31085346;-12,68;;B84;GBM079;DN;;GZ;C;9,17;;2128-07-19
300;260;432,020;KG;KG;432,020;460,900;0,432;0,432;TO;1381;Ballard.Rocky;2014-06-20;01:00:00;2014-02-02;2014-02-02;45,84;J;3405006;260;000000000045524827;people always numbers headphones;027959;mc54;552757810274;1381;10;1381;DN;YX;X;17;80;;70;;45,84;45,84;45,84;6,89;18,34;25.488,02;10.581,52;0998328941;B13;;;B68;000000000062887682;45,84;;33035768;252,81;;B0B;GBE719;DN;A;GZ;C;9,17;;2128-06-22
300;260;410,920;KG;KG;410,920;460,900;0,411;0,411;TO;1381;Ballard.Rocky;2014-06-20;01:00:00;2014-02-02;2014-02-02;45,84;J;3405006;260;000000000045524827;people always numbers headphones;027959;mc54;552757810274;1381;10;1381;DN;YX;X;17;80;;30;;45,84;45,84;9,17;6,89;45,84;25.488,02;14.495,23;0998328941;B13;;;B68;000000000062887682;45,84;;22351254;252,81;;B0B;GBO950;DN;A;GZ;C;9,17;;2128-05-12
300;260;420,700;KG;KG;420,700;460,900;0,421;0,421;TO;1381;Ballard.Rocky;2014-06-20;01:00:00;2014-02-02;2014-02-02;45,84;J;3405006;260;000000000045524827;people always numbers headphones;027959;mc54;552757810274;1381;10;1381;DN;YX;X;17;80;;50;;40,34;45,84;45,84;2,34;36,67;25.488,02;14.495,23;0998328941;B13;;;B68;000000000062887682;45,84;;29018167;146,63;;B0B;GBL530;DN;A;GZ;C;9,17;;2128-05-17
300;280;318,620;TO;TO;318,620;427,100;318,620;318,620;TO;7420;Ballard.Rocky;2014-06-20;01:00:00;2014-02-02;2014-02-02;27,96;J;3405006;280;000000000045524827;people always numbers headphones;027959;mc54;406885028411;7420;20;7420;DN;YX;X;11;80;;30;;45,84;45,84;45,84;5,82;45,84;20.836,49;15.132,23;0255962953;;;;B55;000000000062887682;27,96;;29424139;71,92;;B0B;GBX454;DN;;GZ;C;5,59;;2128-05-18
300;300;395,490;TO;TO;395,490;430,100;395.490,000;395.490,000;KG;4659;Ballard.Rocky;2014-06-20;01:00:00;2014-02-02;2014-02-02;45,84;J;3405006;300;000000000059835141;on it good numbers sidekick while;055359;yp17;330466772787;4659;0;4659;DN;YX;X;50;80;;40;;45,84;45,84;45,84;4,12;18,79;27.912,70;13.546,44;0156707857;;;;B59;000000000074212066;45,84;;18588636;48,07;;B86;GBJ187;DN;;GZ;C;9,17;;2128-06-01
300;310;389,000;TO;TO;389,000;389,000;389,000;389,000;TO;5624;Ballard.Rocky;2014-06-20;01:00:00;2014-02-02;2014-02-02;45,84;J;3405006;310;000000000076443110;wicket light in end out as much;040459;zf64;330466772787;5624;40;5624;DN;YX;X;17;80;;80;;45,84;33,46;45,84;0,70;45,84;33.115,83;13.378,92;0156707857;;B21;;B12;000000000073623171;45,84;;28353591;-45,41;;B0B;GBA899;DN;A;GZ;C;9,17;;2128-04-22
300;310;414,680;TO;TO;414,680;389,000;414,680;414,680;TO;5624;Ballard.Rocky;2014-06-20;01:00:00;2014-02-02;2014-02-02;16,50;J;3405006;310;000000000076443110;wicket light in end out as much;040459;zf64;330466772787;5624;40;5624;DN;YX;B;17;80;;30;;45,84;45,84;7,79;6,97;45,84;33.115,83;1.739,26;0156707857;;B21;;B12;000000000073623171;16,50;;16369622;-39,96;;B42;GBL108;DN;;GZ;C;3,30;;2128-07-16
300;330;231,710;TO;TO;231,710;302,600;231.710,000;231.710,000;KG;1256;Ballard.Rocky;2014-06-20;01:00:00;2014-02-05;2014-02-05;45,84;J;3405006;330;000000000011884370;it while hold wicket crash red;087150;pc46;330466772787;1256;50;1256;DN;YX;X;17;80;;50;;45,84;45,84;45,84;4,88;45,84;15.178,66;10.313,90;0156707857;;;;B00;000000000072358060;45,84;;37884940;-24,84;;B48;GBB049;DN;A;GZ;C;9,17;;2128-06-02
300;330;267,340;TO;TO;267,340;302,600;267.340,000;267.340,000;KG;1256;Ballard.Rocky;2014-06-20;01:00:00;2014-02-02;2014-02-02;24,75;J;3405006;330;000000000011884370;it while hold wicket crash red;087150;pc46;330466772787;1256;50;1256;DN;YX;X;42;80;;80;;45,84;45,84;45,84;6,87;45,84;33.730,36;15.167,50;0156707857;;;;B00;000000000072358060;24,75;;00819641;-19,38;;B0B;GBF356;DN;A;GZ;C;4,95;;2128-07-07
300;350;288,380;M3;M3;288,380;387,100;0,288;0,288;KG;9060;Ballard.Rocky;2014-06-20;01:00:00;2014-03-21;2014-03-21;85.048,43;J;3405007;350;000000000021155450;in leader it visions of others;088012;hc89;330466772787;9060;10;9060;DN;YX;X;48;60;;60;;13.513,85;2.568,84;581,97;6,91;116.504,70;5.789,62;15.415,79;0779976370;;;;B50;;85.048,43;;15209970;74,27;;B15;GBM104;DN;A;GZ;C;17.009,69;B07;2128-07-08
300;390;256,080;MIN;MIN;256,080;333,100;0,000;0,000;TO;8799;Ballard.Rocky;2014-06-20;01:00:00;2014-02-02;2014-02-02;116.504,70;J;3405007;390;000000000045524827;people always numbers headphones;027959;mc54;349794109476;8799;60;8799;DN;YX;X;97;60;;70;;34.922,99;6.797,17;4.285,39;6,92;116.504,70;28.712,66;14.068,85;0642120006;B92;;;B15;000000000062887682;116.504,70;;18310159;104,04;;B0B;GBI555;DN;A;GZ;C;23.300,94;B07;2128-06-05
300;390;241,230;MIN;MIN;241,230;333,100;0,000;0,000;TO;8799;Ballard.Rocky;2014-06-20;01:00:00;2014-02-02;2014-02-02;116.504,70;J;3405007;390;000000000045524827;people always numbers headphones;027959;mc54;349794109476;8799;60;8799;DN;YX;X;97;60;;0;;34.922,99;2.311,04;4.285,39;6,92;116.504,70;28.712,66;14.068,85;0642120006;B92;;;B15;000000000062887682;116.504,70;;18581410;104,04;;B0B;GBE565;DN;A;GZ;C;23.300,94;B07;2128-05-19
300;420;251,900;MIN;MIN;251,900;381,300;0,252;0,252;KG;5361;Ballard.Rocky;2014-06-20;01:00:00;2014-02-02;2014-02-02;96.698,90;J;3405007;420;000000000056094238;hid what headphones is trying suspense;058193;pw15;527932973260;5361;50;5361;DN;YX;X;12;60;;50;;33.818,50;7.617,31;4.141,41;6,92;20.970,85;28.984,53;13.692,92;0208025476;;B80;B41;B12;000000000068349350;96.698,90;;29554545;-3,16;;B0B;GBR164;DN;A;GZ;C;19.339,78;B07;2128-05-24
300;420;343,980;MIN;MIN;343,980;381,300;0,344;0,344;KG;5361;Ballard.Rocky;2014-06-20;01:00:00;2014-02-11;2014-02-11;85.048,43;J;3405007;420;000000000056094238;hid what headphones is trying suspense;058193;pw15;527932973260;5361;50;5361;DN;YX;X;51;60;;50;;33.818,50;7.617,31;2.733,33;6,92;82.718,34;28.984,53;4.929,45;0208025476;;B80;B41;B12;000000000068349350;85.048,43;;25903725;-3,16;;B0B;GBX917;DN;;GZ;C;17.009,69;B07;2128-06-04
300;460;417,290;KG;KG;417,290;420,100;0,417;0,417;TO;7037;Ballard.Rocky;2014-06-20;01:00:00;2014-02-02;2014-02-02;91.581,79;J;3405008;460;000000000048226755;to open ending white numbers something;034399;qm77;716175210103;7037;80;7037;DN;YX;X;42;60;;80;;26.547,68;3.079,54;3.570,05;6,99;91.581,79;40.231,75;14.473,98;0374717676;B24;B54;B41;B50;000000000072373826;91.581,79;;01461323;140,82;;B0B;GBS554;DN;A;GZ;C;18.316,36;B03;2128-05-11
300;570;279,870;KG;KG;279,870;404,600;0,280;0,280;TO;6303;Ballard.Rocky;2014-06-20;01:00:00;2014-02-02;2014-02-02;91.642,52;J;3405011;570;000000000068334670;monster do white island hold it;033292;nb10;478949268335;6303;80;6303;DN;YX;X;13;60;;40;;35.785,37;7.140,84;1.848,48;6,95;91.642,52;32.878,56;6.298,65;0763976295;;;;B77;;91.642,52;;37946846;123,10;;B0B;GBQ118;DN;A;GZ;C;18.328,50;;2128-03-18
300;600;370,820;M3;M3;370,820;452,500;0,371;0,371;KG;4970;Ballard.Rocky;2014-06-20;01:00:00;2014-02-02;2014-02-02;105.411,50;J;3405012;600;000000000004065549;library interest sill worn warp;023486;ty70;085552033775;4970;30;4970;DN;YX;X;48;40;;40;;26.727,26;7.494,13;4.627,87;6,92;105.411,50;30.270,44;14.660,36;0535286435;B92;;;B81;000000000077606220;105.411,50;;37668728;128,34;;B0B;GBI557;DN;A;GZ;C;21.082,30;B05;2128-05-11
300;630;253,120;M3;M3;253,120;356,300;582,176;582,176;TO;3913;Ballard.Rocky;2014-06-20;01:00:00;2014-02-07;2014-02-07;55.868,10;J;3405012;630;000000000075186317;light we ghost have else window;043386;sq68;085552033775;3913;60;3913;DN;YX;X;39;40;;50;;34.005,67;7.193,70;2.551,92;6,90;20.028,18;29.259,72;13.690,79;0623147794;B92;;;B64;000000000069236645;55.868,10;;16085967;-59,51;;B0B;GBJ583;DN;A;GZ;C;11.173,62;B05;2128-05-23
300;640;314,320;TO;TO;314,320;421,600;314,320;314,320;TO;8277;Ballard.Rocky;2014-06-20;01:00:00;2014-02-11;2014-02-11;105.411,50;J;3405012;640;000000000061594021;captain while sacrifice smoke are;048986;tz91;493791972894;8277;0;8277;DN;YX;X;39;40;;50;;36.366,34;2.957,45;4.156,38;6,91;105.411,50;29.042,07;14.118,48;0003836493;B92;;;B30;000000000077956907;105.411,50;;34256920;-43,68;;B31;GBZ890;DN;;GZ;C;21.082,30;B05;2128-07-03
300;640;423,170;TO;TO;423,170;421,600;423,170;423,170;TO;8277;Ballard.Rocky;2014-06-20;01:00:00;2014-02-02;2014-02-02;105.411,50;J;3405012;640;000000000061594021;captain while sacrifice smoke are;048986;tz91;493791972894;8277;0;8277;DN;YX;X;39;40;;20;;36.366,34;7.393,62;4.156,38;6,91;105.411,50;23.524,08;14.118,48;0003836493;B92;;;B30;000000000077956907;105.411,50;;10198090;-43,68;;B0B;GBN956;DN;A;GZ;C;21.082,30;B05;2128-04-12
300;640;322,890;TO;TO;322,890;421,600;322,890;322,890;TO;8277;Ballard.Rocky;2014-06-20;01:00:00;2014-04-13;2014-04-13;105.411,50;J;3405012;640;000000000061594021;captain while sacrifice smoke are;048986;tz91;493791972894;8277;0;8277;DN;YX;B;39;40;;60;;21.456,14;7.393,62;4.156,38;6,91;16.865,84;29.042,07;14.118,48;0003836493;B92;;;B30;000000000077956907;105.411,50;;05876923;-43,68;;B0B;GBX305;DN;A;GZ;C;21.082,30;B05;2128-05-25
300;640;395,380;TO;TO;395,380;421,600;395,380;395,380;TO;8277;Ballard.Rocky;2014-06-20;01:00:00;2014-02-02;2014-02-02;39.002,26;J;3405012;640;000000000061594021;captain while sacrifice smoke are;048986;tz91;493791972894;8277;0;8277;DN;YX;X;39;40;;80;;36.366,34;7.393,62;4.156,38;1,38;105.411,50;29.042,07;14.118,48;0003836493;B92;;;B30;000000000077956907;39.002,26;;15314337;-34,07;;B0B;GBI562;DN;A;GZ;C;7.800,45;B05;2128-04-17
300;650;340,620;M3;M3;340,620;404,300;783,426;783,426;TO;8277;Ballard.Rocky;2014-06-20;01:00:00;2014-02-02;2014-02-02;24.988,03;J;3405013;650;000000000061564741;to sill world should hat are end;063302;yp85;602176504412;8277;0;8277;DN;YX;X;49;80;;40;;14.494,54;6.793,53;2.166,91;6,90;21.580,57;24.211,69;14.158,21;0113740853;B62;;;B30;000000000074843614;24.988,03;;05175202;-47,26;;B0B;GBK298;DN;A;GZ;C;4.997,61;B01;2128-04-17
300;660;388,490;KG;KG;388,490;482,100;0,388;0,388;TO;8708;Ballard.Rocky;2014-06-20;01:00:00;2014-03-02;2014-03-02;11.358,20;J;3405013;660;000000000061564741;to sill world should hat are end;063302;yp85;330197787025;8708;60;8708;DN;YX;X;65;80;;70;;27.371,21;7.612,37;3.232,03;6,94;113.581,96;34.017,99;13.581,71;0255962953;B62;;B19;B98;000000000074843614;11.358,20;;01432738;72,82;;B0B;GBN527;DN;A;GZ;C;2.271,64;B01;2128-09-13
300;750;398,250;MIN;MIN;398,250;463,400;0,000;0,000;TO;1624;Ballard.Rocky;2014-06-20;01:00:00;2014-03-02;2014-03-02;114.665,87;J;3405014;750;000000000076443110;wicket light in end out as much;040459;zf64;725809639661;1624;50;1624;DN;YX;B;51;80;;10;;10.385,08;6.058,84;3.309,91;6,94;114.665,87;28.637,83;12.323,30;0623147794;;B84;;B61;000000000073623171;114.665,87;;08075841;39,41;;B28;GBT019;DN;A;GZ;C;22.933,17;B00;2128-07-15
300;780;325,240;KG;KG;325,240;337,700;0,325;0,325;TO;7722;Ballard.Rocky;2014-06-20;01:00:00;2014-02-18;2014-02-18;90.586,04;J;3405014;780;000000000066749471;with are out came my many with;053199;br27;725809639661;7722;60;7722;DN;YX;B;22;80;;80;;10.531,82;5.602,02;4.036,03;6,95;114.665,87;16.849,55;13.467,40;0998328941;B24;;;B29;000000000068495698;90.586,04;;25518623;45,84;;B42;GBN675;DN;A;GZ;C;18.117,21;B00;2128-05-11
300;790;396,750;KG;KG;396,750;453,400;0,397;0,397;TO;1198;Ballard.Rocky;2014-06-20;01:00:00;2014-04-03;2014-04-03;112.677,67;J;3405015;790;000000000066749471;with are out came my many with;053199;br27;725809639661;1198;10;1198;DN;YX;X;75;80;;80;;25.718,89;8.594,70;3.398,50;6,92;112.677,67;39.035,73;16.031,05;0673477643;B73;;;B29;000000000068495698;112.677,67;;12795159;230,26;;B0B;GBJ797;DN;A;GZ;C;22.535,53;B00;2128-06-05
300;790;305,590;KG;KG;305,590;453,400;0,306;0,306;TO;1198;Ballard.Rocky;2014-06-20;01:00:00;2014-02-02;2014-02-02;45.071,07;J;3405015;790;000000000066749471;with are out came my many with;053199;br27;725809639661;1198;10;1198;DN;YX;X;51;80;;70;;25.718,89;8.594,70;4.094,58;6,92;85.635,03;44.868,65;16.031,05;0673477643;B73;;;B29;000000000068495698;45.071,07;;05113595;32,24;;B0B;GBO749;DN;;GZ;C;9.014,21;B00;2128-04-03
300;820;501,550;KG;KG;501,550;531,300;501,550;501,550;KG;6610;Ballard.Rocky;2014-06-20;01:00:00;2014-02-28;2014-02-28;12.394,54;J;3405015;820;000000000041129285;list keys in do pique discovered;024336;yv93;647095414123;6610;40;6610;DN;YX;X;30;80;;30;;12.416,47;7.350,45;4.040,40;6,92;112.677,67;14.784,92;14.590,02;0038100164;B73;;B27;B00;000000000077892051;12.394,54;;10611341;24,87;;B0B;GBO123;DN;A;GZ;C;2.478,91;B00;2128-06-12
300;830;497,280;KG;KG;497,280;526,300;497,280;497,280;KG;1220;Ballard.Rocky;2014-06-20;01:00:00;2014-02-02;2014-02-02;112.677,67;J;3405015;830;000000000041129285;list keys in do pique discovered;024336;yv93;456857495300;1220;60;1220;DN;YX;X;52;80;;70;;29.179,35;7.235,23;2.894,17;6,97;12.394,54;32.637,20;15.644,41;0916121935;;;B27;B00;000000000077892051;112.677,67;;29953606;28,13;;B0B;GBS631;DN;;GZ;C;22.535,53;B00;2128-07-21
300;830;416,850;KG;KG;416,850;526,300;416,850;416,850;KG;1220;Ballard.Rocky;2014-06-20;01:00:00;2014-02-02;2014-02-02;112.677,67;J;3405015;830;000000000041129285;list keys in do pique discovered;024336;yv93;456857495300;1220;60;1220;DN;YX;X;52;80;;80;;29.179,35;7.235,23;1.331,32;4,04;112.677,67;32.637,20;15.644,41;0916121935;;;B27;B00;000000000077892051;112.677,67;;18580043;112,53;;B0B;GBL664;DN;;GZ;C;22.535,53;B00;2128-06-24
300;870;279,410;MIN;MIN;279,410;356,700;0,279;0,279;KG;4269;Ballard.Rocky;2014-06-20;01:00:00;2014-02-02;2014-02-02;51.831,73;J;3405015;870;000000000046134954;lock pull through they hatch waited;017146;ya02;980743020602;4269;70;4269;DN;YX;X;19;80;;50;;32.125,59;7.256,85;568,89;3,11;72.113,71;29.780,09;15.958,25;0281544267;B24;;;B65;000000000079863444;51.831,73;;17986555;9,74;;B0B;GBN745;DN;A;GZ;C;10.366,35;B00;2128-07-25
300;950;252,080;TO;TO;252,080;368,000;252,080;252,080;TO;3211;Ballard.Rocky;2014-06-20;01:00:00;2014-02-02;2014-02-02;114.781,52;J;3405018;950;000000000024232920;from have banging fire are out;013965;vq87;066666256315;3211;60;3211;DN;YX;X;19;80;;10;;19.791,66;4.955,65;4.456,75;6,93;114.781,52;7.227,53;13.583,53;0047064211;B40;;;B61;000000000064015901;114.781,52;;14661918;69,06;;B0B;GBQ642;DN;;GZ;C;22.956,30;B00;2128-06-18
300;1030;304,880;KG;KG;304,880;365,400;0,305;0,305;TO;4556;Ballard.Rocky;2014-06-20;01:00:00;2014-02-02;2014-02-02;78.755,20;J;3405020;1030;000000000034867182;monster end to of show island badly;036871;se37;918581588051;4556;80;4556;DN;YX;X;82;80;;10;;28.160,58;8.751,03;1.367,20;5,00;78.755,20;14.933,64;9.476,31;0281544267;;;;B98;000000000061688264;78.755,20;;00241448;88,01;;B84;GBF062;DN;A;GZ;C;15.751,04;;2128-05-05
300;1040;180,440;MIN;MIN;180,440;270,100;0,000;0,000;TO;4556;Ballard.Rocky;2014-06-20;01:00:00;2014-02-02;2014-02-02;78.755,20;J;3405020;1040;000000000034867182;monster end to of show island badly;036871;se37;918581588051;4556;80;4556;DN;YX;X;55;80;;70;;28.728,85;6.771,14;3.623,92;6,96;29.139,42;24.424,60;2.223,54;0091651523;;;;B31;000000000061688264;78.755,20;;24368699;-30,95;;B0B;GBW543;DN;A;GZ;C;15.751,04;;2128-06-27
300;1050;310,300;TO;TO;310,300;310,300;310,300;310,300;TO;4556;Ballard.Rocky;2014-06-20;01:00:00;2014-03-16;2014-03-16;24.414,11;J;3405020;1050;000000000067946159;on warp throw text trying light;035601;fc29;167624115187;4556;70;4556;DN;YX;X;79;80;;40;;32.026,44;7.523,14;1.042,56;2,15;78.755,20;33.135,02;16.009,21;0998328941;B44;;;B31;;24.414,11;;07637711;86,77;;B0B;GBH552;DN;A;GZ;C;4.882,82;;2128-05-30
300;1060;159,910;M3;M3;159,910;305,400;0,160;0,160;KG;5310;Ballard.Rocky;2014-06-20;01:00:00;2014-02-02;2014-02-02;78.755,20;J;3405020;1060;000000000067946159;on warp throw text trying light;035601;fc29;167624115187;5310;30;5310;DN;YX;X;66;80;;70;;29.925,80;6.104,31;3.781,86;3,48;78.755,20;22.165,02;15.431,77;0642120006;;;;B89;;78.755,20;;09798471;6,31;;B53;GBK439;DN;;GZ;C;15.751,04;;2128-05-08
300;1060;256,010;M3;M3;256,010;305,400;0,256;0,256;KG;5310;Ballard.Rocky;2014-06-20;01:00:00;2014-02-02;2014-02-02;78.755,20;J;3405020;1060;000000000067946159;on warp throw text trying light;035601;fc29;167624115187;5310;30;5310;DN;YX;X;66;80;;80;;29.925,80;6.104,31;3.781,86;6,96;64.579,26;22.165,02;15.431,77;0642120006;;;;B89;;78.755,20;;37995915;57,37;;B0B;GBX589;DN;;GZ;C;15.751,04;;2128-05-12
300;1100;373,000;MIN;MIN;373,000;455,600;0,000;0,000;TO;2618;Ballard.Rocky;2014-06-20;01:00:00;2014-02-02;2014-02-02;78.755,20;J;3405020;1100;000000000077318155;demanded constantly died waited;050701;xm84;511452580976;2618;20;2618;DN;YX;X;44;80;;40;;27.707,81;6.433,23;3.568,80;6,95;78.755,20;32.648,36;4.848,73;0446988731;B57;;;B15;000000000076740186;78.755,20;;05975340;43,85;;B0B;GBF434;DN;;GZ;C;15.751,04;;2128-06-15
300;1110;296,470;MIN;MIN;296,470;398,500;0,000;0,000;TO;2618;Ballard.Rocky;2014-06-20;01:00:00;2014-02-02;2014-02-02;23.626,56;J;3405020;1110;000000000078498082;end we it cold from where what;067630;xo94;057680037454;2618;60;2618;DN;YX;X;27;80;;10;;33.413,98;7.345,11;4.812,99;6,88;78.755,20;36.828,65;12.728,00;0446988731;;B00;;B15;000000000066641487;23.626,56;;23564561;237,17;;B0B;GBC278;DN;;GZ;C;4.725,31;;2128-06-20
300;1130;372,820;KG;KG;372,820;411,700;0,373;0,373;TO;4986;Ballard.Rocky;2014-06-20;01:00:00;2014-02-02;2014-02-02;34.832,69;J;3405021;1130;000000000004065549;library interest sill worn warp;023486;ty70;455963154781;4986;10;4986;DN;YX;X;42;10;;70;;8.875,76;7.467,11;3.380,84;6,85;83.598,46;26.672,66;16.166,68;0347729668;;;;B15;000000000077606220;34.832,69;;36951944;55,38;;B77;GBE549;DN;A;GZ;C;6.966,54;B08;2128-06-18
300;1160;316,340;MIN;MIN;316,340;344,600;0,316;0,316;KG;8427;Ballard.Rocky;2014-06-20;01:00:00;2014-02-02;2014-02-02;34.832,69;J;3405021;1160;000000000020663153;in a open lost from hat smoke about;084961;kx46;455963154781;8427;70;8427;DN;YX;X;34;10;;80;;26.093,13;6.702,26;2.303,15;1,66;88.574,56;32.401,14;8.081,69;0392891189;B12;;;B39;000000000079941730;34.832,69;;32459159;42,65;;B0B;GBC280;DN;;GZ;C;6.966,54;B08;2128-06-12
300;1160;286,740;MIN;MIN;286,740;344,600;0,287;0,287;KG;8427;Ballard.Rocky;2014-06-20;01:00:00;2014-02-02;2014-02-02;99.521,98;J;3405021;1160;000000000020663153;in a open lost from hat smoke about;084961;kx46;455963154781;8427;70;8427;DN;YX;X;67;10;;10;;9.654,46;6.702,26;1.120,45;3,67;59.713,19;10.692,38;6.256,79;0392891189;B12;;;B39;000000000079941730;99.521,98;;18405377;42,65;;B0B;GBU269;DN;A;GZ;C;19.904,40;B08;2128-05-05
300;1170;492,800;TO;TO;492,800;492,800;492.800,000;492.800,000;KG;6693;Ballard.Rocky;2014-06-20;01:00:00;2014-02-02;2014-02-02;22.890,06;J;3405021;1170;000000000020663153;in a open lost from hat smoke about;084961;kx46;455963154781;6693;20;6693;DN;YX;X;16;10;;10;;24.669,10;7.527,70;3.568,62;6,88;42.794,45;32.068,25;13.943,29;0392891189;B12;;;B46;000000000079941730;22.890,06;;17230281;1,66;;B0B;GBV153;DN;;GZ;C;4.578,01;B08;2128-03-12
300;1200;341,850;MIN;MIN;341,850;397,700;0,342;0,342;KG;1660;Ballard.Rocky;2014-06-20;01:00:00;2014-02-02;2014-02-02;6,71;J;3405022;1200;000000000069727059;on of computer what the on had;060809;zz11;475663500231;1660;30;1660;DN;YX;X;35;60;;10;;31,94;31,94;31,94;6,90;15,33;27.217,88;13.235,71;0678791711;;;;B30;000000000061583615;6,71;;15766992;46,03;;B0B;GBJ144;DN;A;GZ;C;1,34;B07;2128-05-01
300;1220;249,320;M3;M3;249,320;343,200;0,249;0,249;KG;4498;Ballard.Rocky;2014-06-20;01:00:00;2014-02-02;2014-02-02;26,83;J;3405022;1220;000000000069727059;on of computer what the on had;060809;zz11;475663500231;4498;10;4498;DN;YX;X;49;60;;50;;31,94;31,94;31,94;6,95;31,94;39.100,95;6.737,50;0673477643;;;;B98;000000000061583615;26,83;;25731551;84,40;;B0B;GBN354;DN;A;GZ;C;5,37;B07;2128-04-04
300;1230;198,370;MIN;MIN;198,370;159,000;0,198;0,198;KG;1440;Ballard.Rocky;2014-06-20;01:00:00;2014-02-02;2014-02-02;31,94;J;3405022;1230;000000000069727059;on of computer what the on had;060809;zz11;087832489503;1440;10;1440;DN;YX;X;49;60;;70;;8,62;26,19;31,94;6,96;31,94;13.411,01;14.824,00;0673477643;;;;B98;000000000061583615;31,94;;21111714;-52,94;;B74;GBB596;DN;;GZ;C;6,39;B07;2128-06-21
300;1260;151,190;MIN;MIN;151,190;352,800;0,000;0,000;TO;9395;Ballard.Rocky;2014-06-20;01:00:00;2014-03-19;2014-03-19;28.398,18;J;3405024;1260;000000000049519629;hatch automatically should it sidekick;010368;nk15;998277083484;9395;80;9395;DN;YX;X;70;40;;40;;6.645,98;7.361,25;4.089,74;6,91;135.229,45;19.950,29;13.793,21;0649836853;B44;;;B68;000000000078139352;28.398,18;;37724948;23,11;;B0B;GBV563;DN;;GZ;C;5.679,64;;2128-05-17
300;1270;396,400;KG;KG;396,400;418,700;0,396;0,396;TO;8952;Ballard.Rocky;2014-06-20;01:00:00;2014-02-23;2014-02-23;135.229,45;J;3405024;1270;000000000031587328;room others text generated monster;002785;xj90;226786393886;8952;80;8952;DN;YX;B;92;40;;50;;17.064,94;6.932,16;3.527,95;1,46;104.126,68;8.083,48;13.443,58;0651296098;B44;;;B68;000000000061426387;135.229,45;;34240298;77,43;;B0B;GBD330;DN;;GZ;C;27.045,89;;2128-06-17
300;1280;493,630;MIN;MIN;493,630;517,000;0,494;0,494;KG;5467;Ballard.Rocky;2014-06-20;01:00:00;2014-02-02;2014-02-02;55.444,07;J;3405024;1280;000000000012995260;speed rescue have about want dreams;087075;ij24;216666352968;5467;0;5467;DN;YX;X;13;40;;60;;11.619,61;6.947,29;1.065,85;6,92;135.229,45;28.741,69;14.328,57;0651296098;B31;;;B59;000000000076091615;55.444,07;;36238812;-38,18;;B32;GBI640;DN;A;GZ;C;11.088,81;;2128-05-14
300;1300;285,830;TO;TO;285,830;383,700;285,830;285,830;TO;5893;Ballard.Rocky;2014-06-20;01:00:00;2014-02-02;2014-02-02;135.229,45;J;3405024;1300;000000000010390343;room captain good ill rabbit ship;049752;ju03;136465283745;5893;0;5893;DN;YX;X;79;40;;40;;19.160,31;7.639,02;1.591,09;6,93;135.229,45;28.761,19;13.690,51;0747306849;;B56;;B81;000000000065682116;135.229,45;;33901944;19,49;;B0B;GBX196;DN;;GZ;C;27.045,89;;2128-08-11
300;1330;276,340;MIN;MIN;276,340;312,100;0,000;0,000;TO;2022;Ballard.Rocky;2014-06-20;01:00:00;2014-02-02;2014-02-02;25.196,55;J;3405026;1330;000000000041113216;keys plane came something island;018183;my19;136465283745;2022;20;2022;DN;YX;B;86;40;;40;;35.899,69;5.581,03;4.756,24;6,94;86.884,65;4.832,81;16.698,12;0784797984;;;B82;B61;000000000062307776;25.196,55;;12164773;175,29;;B0B;GBP275;DN;;GZ;C;5.039,31;;2128-02-18
300;1330;284,650;MIN;MIN;284,650;312,100;0,000;0,000;TO;2022;Ballard.Rocky;2014-06-20;01:00:00;2014-02-02;2014-02-02;41.704,63;J;3405026;1330;000000000041113216;keys plane came something island;018183;my19;136465283745;2022;20;2022;DN;YX;X;37;40;;0;;35.899,69;1.674,31;4.756,24;3,82;86.884,65;28.428,29;16.698,12;0784797984;;;B82;B61;000000000062307776;41.704,63;;01678160;57,85;;B86;GBM079;DN;A;GZ;C;8.340,93;;2128-04-25
300;1340;298,300;M3;M3;298,300;366,500;0,298;0,298;KG;1385;Ballard.Rocky;2014-06-20;01:00:00;2014-02-02;2014-02-02;86.884,65;J;3405026;1340;000000000048226755;to open ending white numbers something;034399;qm77;136465283745;1385;60;1385;DN;YX;X;63;40;;10;;3.506,45;3.692,22;3.403,77;6,92;86.884,65;25.870,79;13.517,09;0784797984;;B25;B82;B61;000000000072373826;86.884,65;;06708157;-3,81;;B17;GBL617;DN;A;GZ;C;17.376,93;;2128-06-07
300;1350;382,500;MIN;MIN;382,500;382,500;0,000;0,000;TO;4155;Ballard.Rocky;2014-06-20;01:00:00;2014-02-20;2014-02-20;86.884,65;J;3405026;1350;000000000048226755;to open ending white numbers something;034399;qm77;136465283745;4155;0;4155;DN;YX;X;35;40;;0;;33.670,61;6.299,29;4.816,74;6,90;27.803,09;13.329,51;15.180,38;0784797984;;B69;;B90;000000000072373826;86.884,65;;34109339;146,54;;B0B;GBY547;DN;;GZ;C;17.376,93;;2128-07-06
300;1400;348,210;MIN;MIN;348,210;446,700;0,000;0,000;TO;6109;Ballard.Rocky;2014-06-20;01:00:00;2014-02-02;2014-02-02;10.426,16;J;3405026;1400;000000000061779698;they no the discovered is end monster;023484;ft57;860893195724;6109;70;6109;DN;YX;X;95;40;;30;;23.140,91;7.363,39;2.259,95;6,93;12.163,85;25.284,91;8.884,89;0017458558;;B54;;B29;000000000060988971;10.426,16;;18842804;25,88;;B28;GBS887;DN;A;GZ;C;2.085,23;;2128-07-02
300;1400;319,200;MIN;MIN;319,200;446,700;0,000;0,000;TO;6109;Ballard.Rocky;2014-06-20;01:00:00;2014-02-02;2014-02-02;64.294,64;J;3405026;1400;000000000061779698;they no the discovered is end monster;023484;ft57;860893195724;6109;70;6109;DN;YX;B;76;40;;30;;23.140,91;7.363,39;2.259,95;6,93;27.803,09;25.284,91;13.882,64;0017458558;;B54;;B29;000000000060988971;64.294,64;;25762913;25,88;;B0B;GBC427;DN;;GZ;C;12.858,93;;2128-07-05
300;1420;566,320;MIN;MIN;566,320;589,800;0,566;0,566;KG;3402;Ballard.Rocky;2014-06-20;01:00:00;2014-02-02;2014-02-02;73.851,95;J;3405026;1420;000000000003093750;it's dad good many a who red suspense;024235;vm75;699198755251;3402;30;3402;DN;YX;B;76;40;;20;;31.221,92;7.039,90;4.957,53;6,94;86.884,65;32.904,98;14.745,80;0467822066;B45;;;B40;000000000069533133;73.851,95;;13792104;-5,98;;B0B;GBU932;DN;;GZ;C;14.770,39;;2128-04-15
300;1430;191,020;MIN;MIN;191,020;241,400;0,191;0,191;KG;9744;Ballard.Rocky;2014-06-20;01:00:00;2014-02-02;2014-02-02;26.095,16;J;3405027;1430;000000000003093750;it's dad good many a who red suspense;024235;vm75;699198755251;9744;0;9744;DN;YX;B;76;40;;0;;24.980,01;3.833,40;3.038,62;2,47;48.710,97;2.845,07;13.396,97;0467822066;;;;B53;000000000069533133;26.095,16;;08976715;-25,39;;B0B;GBF428;DN;A;GZ;C;5.219,03;B06;2128-05-29
300;1450;488,640;TO;TO;488,640;513,600;488.640,000;488.640,000;KG;6796;Ballard.Rocky;2014-06-20;01:00:00;2014-02-02;2014-02-02;86.983,87;J;3405027;1450;000000000003093750;it's dad good many a who red suspense;024235;vm75;699198755251;6796;60;6796;DN;YX;X;60;40;;70;;33.110,56;6.178,16;3.206,41;2,89;86.983,87;20.727,57;4.235,08;0779976370;;B63;;B46;000000000069533133;86.983,87;;05912404;-65,47;;B42;GBT927;DN;A;GZ;C;17.396,77;B06;2128-06-12
300;1470;154,240;MIN;MIN;154,240;287,900;0,000;0,000;TO;8799;Ballard.Rocky;2014-06-20;01:00:00;2014-02-02;2014-02-02;102.116,76;J;3405028;1470;000000000052406916;took light code world rescue smoke;010293;tx68;847051070421;8799;30;8799;DN;YX;B;39;40;;20;;33.003,18;7.572,59;2.720,15;6,90;102.116,76;35.024,08;1.295,77;0215867472;;;;B46;000000000065179124;102.116,76;;03946452;84,76;;B0B;GBT728;DN;A;GZ;C;20.423,35;B07;2128-06-26
300;1500;397,970;KG;KG;397,970;394,900;0,398;0,398;TO;6703;Ballard.Rocky;2014-06-20;01:00:00;2014-02-02;2014-02-02;102.116,76;J;3405028;1500;000000000052406916;took light code world rescue smoke;010293;tx68;577110771927;6703;60;6703;DN;YX;X;47;40;;50;;23.959,42;5.881,10;3.491,69;4,60;102.116,76;33.729,89;12.797,23;0419684874;;B57;;B01;000000000065179124;102.116,76;;21235330;97,40;;B58;GBR530;DN;A;GZ;C;20.423,35;B07;2128-05-31
300;1530;523,690;TO;TO;523,690;587,600;523.690,000;523.690,000;KG;7537;Ballard.Rocky;2014-06-20;01:00:00;2014-02-02;2014-02-02;148.418,50;J;3405029;1530;000000000076765589;window sits are as caves this suspense;038164;sp80;577110771927;7537;80;7537;DN;YX;X;42;40;;30;;34.871,50;3.468,02;3.788,02;6,91;166.762,36;35.456,98;13.390,48;0720616758;;;;B95;000000000077090656;148.418,50;;15616003;-6,02;;B93;GBB651;DN;A;GZ;C;29.683,70;B03;2128-07-11
300;1570;262,280;MIN;MIN;262,280;344,100;0,000;0,000;TO;2065;Ballard.Rocky;2014-06-20;01:00:00;2014-03-30;2014-03-30;166.762,36;J;3405029;1570;000000000050958902;they they boon speed pique is ill;084720;up13;252112675728;2065;40;2065;DN;YX;X;56;40;;30;;16.441,28;6.117,85;1.130,94;6,93;166.762,36;38.103,73;15.078,88;0741214497;;;B82;B76;000000000067271819;166.762,36;;15183228;113,31;;B0B;GBA533;DN;A;GZ;C;33.352,47;B03;2128-07-12
300;1570;327,090;MIN;MIN;327,090;344,100;0,000;0,000;TO;2065;Ballard.Rocky;2014-06-20;01:00:00;2014-02-02;2014-02-02;166.762,36;J;3405029;1570;000000000050958902;they they boon speed pique is ill;084720;up13;252112675728;2065;40;2065;DN;YX;X;39;40;;70;;27.402,14;6.117,85;4.188,66;6,93;166.762,36;5.334,52;15.078,88;0741214497;;;B82;B76;000000000067271819;166.762,36;;14979963;30,59;;B49;GBW174;DN;A;GZ;C;33.352,47;B03;2128-06-11
300;1570;217,160;MIN;MIN;217,160;344,100;0,000;0,000;TO;2065;Ballard.Rocky;2014-06-20;01:00:00;2014-02-02;2014-02-02;116.733,65;J;3405029;1570;000000000050958902;they they boon speed pique is ill;084720;up13;252112675728;2065;40;2065;DN;YX;X;39;40;;80;;16.167,26;4.588,39;4.188,66;6,93;166.762,36;38.103,73;15.078,88;0741214497;;;B82;B76;000000000067271819;116.733,65;;29398210;113,31;;B0B;GBD882;DN;;GZ;C;23.346,73;B03;2128-06-10
300;1570;294,280;MIN;MIN;294,280;344,100;0,000;0,000;TO;2065;Ballard.Rocky;2014-06-20;01:00:00;2014-02-02;2014-02-02;166.762,36;J;3405029;1570;000000000050958902;they they boon speed pique is ill;084720;up13;252112675728;2065;40;2065;DN;YX;X;35;40;;70;;27.402,14;1.774,18;4.188,66;6,93;166.762,36;38.103,73;4.071,30;0741214497;;;B82;B76;000000000067271819;166.762,36;;11757346;113,31;;B22;GBL569;DN;A;GZ;C;33.352,47;B03;2128-08-28
300;1590;297,560;TO;TO;297,560;394,200;297,560;297,560;TO;2094;Ballard.Rocky;2014-06-20;01:00:00;2014-02-02;2014-02-02;166.762,36;J;3405029;1590;000000000026851855;found came what assert of with;025262;lv74;542931650349;2094;20;2094;DN;YX;X;56;40;;80;;32.389,43;3.479,43;4.107,27;6,91;126.739,39;23.377,69;15.443,95;0465085671;;;;B10;000000000077835630;166.762,36;;37513118;-65,31;;B0B;GBG614;DN;;GZ;C;33.352,47;B03;2128-05-16
300;1610;404,800;KG;KG;404,800;466,600;0,405;0,405;TO;8671;Ballard.Rocky;2014-06-20;01:00:00;2014-02-02;2014-02-02;100.562,74;J;3405030;1610;000000000033478700;was hid in crash computer wrong;021764;vu79;137087992193;8671;70;8671;DN;YX;X;90;40;;30;;31.997,90;7.038,43;3.152,50;6,94;100.562,74;24.569,22;4.635,67;0518971956;B13;;;B03;000000000064644350;100.562,74;;21746680;-66,16;;B0B;GBM401;DN;;GZ;C;20.112,55;;2128-05-31
300;1620;315,410;KG;KG;315,410;384,100;315,410;315,410;KG;8671;Ballard.Rocky;2014-06-20;01:00:00;2014-02-02;2014-02-02;100.562,74;J;3405030;1620;000000000033478700;was hid in crash computer wrong;021764;vu79;137087992193;8671;70;8671;DN;YX;X;67;40;;10;;28.288,89;7.625,19;3.135,07;6,99;100.562,74;29.434,49;14.587,63;0094627019;B13;;;B03;000000000064644350;100.562,74;;23927866;15,08;;B39;GBD141;DN;A;GZ;C;20.112,55;;2128-05-02
300;1630;321,290;M3;M3;321,290;418,600;738,967;738,967;TO;7284;Ballard.Rocky;2014-06-20;01:00:00;2014-02-16;2014-02-16;100.562,74;J;3405030;1630;000000000078131302;who others in or maybe we computer;083989;ii68;137087992193;7284;30;7284;DN;YX;X;48;40;;70;;36.316,16;5.575,05;4.116,85;6,95;100.562,74;10.086,01;13.251,78;0621701267;;B75;;B03;000000000066259271;100.562,74;;23888507;154,95;;B91;GBM633;DN;;GZ;C;20.112,55;;2128-07-08
300;1700;357,410;MIN;MIN;357,410;400,000;0,000;0,000;TO;5557;Ballard.Rocky;2014-06-20;01:00:00;2014-02-11;2014-02-11;75.447,45;J;3405031;1700;000000000003424400;throw find room island on much;009822;ot32;280155180289;5557;60;5557;DN;YX;X;11;40;;50;;15.753,17;6.568,33;3.527,75;6,95;53.567,69;34.099,74;14.067,81;0091651523;;B68;B24;B82;000000000075923581;75.447,45;;19897547;77,11;;B0B;GBQ923;DN;;GZ;C;15.089,49;;2128-05-09
300;1720;292,200;MIN;MIN;292,200;383,900;0,000;0,000;TO;8628;Ballard.Rocky;2014-06-20;01:00:00;2014-02-02;2014-02-02;41.301,83;J;3405032;1720;000000000021155450;in leader it visions of others;088012;hc89;280155180289;8628;0;8628;DN;YX;X;11;40;;10;;3.574,10;5.871,51;876,59;6,89;100.736,17;27.449,85;13.713,83;0649836853;;B57;;B21;;41.301,83;;00046321;106,22;;B0B;GBT738;DN;;GZ;C;8.260,37;;2128-07-25
300;1720;283,980;MIN;MIN;283,980;383,900;0,000;0,000;TO;8628;Ballard.Rocky;2014-06-20;01:00:00;2014-02-02;2014-02-02;100.736,17;J;3405032;1720;000000000021155450;in leader it visions of others;088012;hc89;280155180289;8628;0;8628;DN;YX;X;59;40;;0;;20.469,84;5.871,51;2.827,72;6,89;100.736,17;14.273,92;13.713,83;0649836853;;B57;;B21;;100.736,17;;28535253;45,67;;B0B;GBM497;DN;;GZ;C;20.147,23;;2128-07-24
300;1740;331,180;M3;M3;331,180;374,000;761,714;761,714;TO;8628;Ballard.Rocky;2014-06-20;01:00:00;2014-02-02;2014-02-02;53.390,17;J;3405032;1740;000000000021268826;what ghost web good cold sidekick;062789;nf99;194034812784;8628;40;8628;DN;YX;B;42;40;;0;;11.918,19;6.811,85;3.524,31;2,83;100.736,17;25.947,75;13.976,29;0875067411;;B57;;B64;000000000071331262;53.390,17;;04093205;69,71;;B0B;GBP330;DN;;GZ;C;10.678,03;;2128-05-26
300;1740;439,470;M3;M3;439,470;374,000;1.010,781;1.010,781;TO;8628;Ballard.Rocky;2014-06-20;01:00:00;2014-02-02;2014-02-02;100.736,17;J;3405032;1740;000000000021268826;what ghost web good cold sidekick;062789;nf99;194034812784;8628;40;8628;DN;YX;X;42;40;;30;;16.190,75;6.811,85;3.524,31;4,42;100.736,17;19.460,81;13.976,29;0875067411;;B57;;B64;000000000071331262;100.736,17;;02321102;21,55;;B89;GBB932;DN;A;GZ;C;20.147,23;;2128-06-10
300;1750;330,670;M3;M3;330,670;385,700;0,331;0,331;KG;8628;Ballard.Rocky;2014-06-20;01:00:00;2014-02-02;2014-02-02;100.736,17;J;3405032;1750;000000000021268826;what ghost web good cold sidekick;062789;nf99;194034812784;8628;30;8628;DN;YX;X;27;40;;0;;11.240,92;1.785,97;1.302,10;6,93;100.736,17;26.790,96;14.113,28;0425017602;;B57;;B28;000000000071331262;100.736,17;;34835426;86,51;;B0B;GBW705;DN;;GZ;C;20.147,23;;2128-05-17
300;1780;298,120;KG;KG;298,120;336,700;298,120;298,120;KG;6011;Ballard.Rocky;2014-06-20;01:00:00;2014-02-24;2014-02-24;100.736,17;J;3405032;1780;000000000015163120;sill ship to magnetic hold with;069518;fg49;194034812784;6011;20;6011;DN;YX;X;27;40;;70;;26.256,22;6.222,48;3.127,84;6,88;16.117,79;29.224,79;13.549,22;0632346988;B44;;;B19;000000000071137878;100.736,17;;22716687;176,53;;B0B;GBI255;DN;;GZ;C;20.147,23;;2128-06-30
300;1800;169,420;TO;TO;169,420;257,900;169,420;169,420;TO;5518;Ballard.Rocky;2014-06-20;01:00:00;2014-02-02;2014-02-02;100.736,17;J;3405032;1800;000000000064185726;secretly something wicket I numbers;022168;zi29;320283244154;5518;50;5518;DN;YX;X;17;40;;60;;26.032,06;5.947,70;4.178,58;6,90;100.736,17;12.272,51;14.096,29;0901019446;B44;;;B19;000000000062369574;100.736,17;;26454426;20,40;;B0B;GBY613;DN;;GZ;C;20.147,23;;2128-04-10
300;1810;262,150;KG;KG;262,150;260,000;0,262;0,262;TO;6939;Ballard.Rocky;2014-06-20;01:00:00;2014-02-02;2014-02-02;57.419,62;J;3405032;1810;000000000064185726;secretly something wicket I numbers;022168;zi29;320283244154;6939;80;6939;DN;YX;X;98;40;;10;;23.725,86;3.197,14;3.877,31;3,73;100.736,17;24.101,74;5.364,30;0425017602;;;;B19;000000000062369574;57.419,62;;13884031;-44,46;;B22;GBR472;DN;;GZ;C;11.483,92;;2128-06-11
300;1840;257,500;TO;TO;257,500;306,500;257.500,000;257.500,000;KG;6151;Ballard.Rocky;2014-06-20;01:00:00;2014-02-02;2014-02-02;133.102,84;J;3405033;1840;000000000073561246;waited hid text badly died while;048099;lx59;685537587660;6151;60;6151;DN;YX;X;32;30;;50;;35.531,00;2.087,97;1.382,23;6,86;133.102,84;33.374,09;9.603,00;0390198722;;;;B98;000000000064648260;133.102,84;;02597526;143,72;;B0B;GBA054;DN;;GZ;C;26.620,57;B03;2128-06-29
300;1840;287,280;TO;TO;287,280;306,500;287.280,000;287.280,000;KG;6151;Ballard.Rocky;2014-06-20;01:00:00;2014-02-02;2014-02-02;133.102,84;J;3405033;1840;000000000073561246;waited hid text badly died while;048099;lx59;685537587660;6151;60;6151;DN;YX;B;31;30;;0;;17.410,19;1.683,85;784,51;3,64;133.102,84;14.350,86;15.742,63;0390198722;;;;B98;000000000064648260;133.102,84;;34491011;143,72;;B0B;GBB221;DN;A;GZ;C;26.620,57;B03;2128-04-29
300;1850;177,450;TO;TO;177,450;334,700;177,450;177,450;TO;6151;Ballard.Rocky;2014-06-20;01:00:00;2014-02-28;2014-02-28;133.102,84;J;3405033;1850;000000000064719829;where ends red waited was handled;075426;lv51;685537587660;6151;60;6151;DN;YX;X;52;30;;60;;16.255,55;6.532,10;4.340,32;5,30;47.917,02;21.707,74;15.110,50;0425017602;;;;B98;000000000069915487;133.102,84;;07502410;9,25;;B51;GBK526;DN;;GZ;C;26.620,57;B03;2128-04-24
300;1870;184,950;KG;KG;184,950;293,500;0,185;0,185;TO;4525;Ballard.Rocky;2014-06-20;01:00:00;2014-02-02;2014-02-02;133.102,84;J;3405033;1870;000000000018397898;probably pique red leader days;055407;ju58;560490748186;4525;60;4525;DN;YX;X;75;30;;50;;29.595,10;3.503,36;3.745,76;4,03;133.102,84;19.607,36;5.705,46;0703454573;;B56;;B55;000000000062040606;133.102,84;;18436104;90,75;;B0B;GBQ158;DN;;GZ;C;26.620,57;B03;2128-05-27
300;1870;272,870;KG;KG;272,870;293,500;0,273;0,273;TO;4525;Ballard.Rocky;2014-06-20;01:00:00;2014-02-02;2014-02-02;133.102,84;J;3405033;1870;000000000018397898;probably pique red leader days;055407;ju58;560490748186;4525;60;4525;DN;YX;X;86;30;;50;;29.595,10;6.869,34;3.745,76;6,95;133.102,84;43.571,91;13.915,76;0703454573;;B56;;B55;000000000062040606;133.102,84;;11856836;84,61;;B86;GBJ616;DN;;GZ;C;26.620,57;B03;2128-06-13
300;1890;355,140;TO;TO;355,140;449,200;355,140;355,140;TO;7302;Ballard.Rocky;2014-06-20;01:00:00;2014-02-22;2014-02-22;109.069,13;J;3405034;1890;000000000018397898;probably pique red leader days;055407;ju58;824889370901;7302;80;7302;DN;YX;B;35;20;;70;;28.771,89;5.748,23;3.256,12;6,97;109.069,13;18.748,20;1.344,86;0649836853;;;;B30;000000000062040606;109.069,13;;18826429;115,76;;B0B;GBK309;DN;A;GZ;C;21.813,83;B00;2128-04-20
300;1890;449,200;TO;TO;449,200;449,200;449,200;449,200;TO;7302;Ballard.Rocky;2014-06-20;01:00:00;2014-02-16;2014-02-16;26.176,59;J;3405034;1890;000000000018397898;probably pique red leader days;055407;ju58;824889370901;7302;80;7302;DN;YX;X;35;20;;60;;33.455,69;5.748,23;4.341,49;1,88;109.069,13;18.748,20;13.448,65;0649836853;;;;B30;000000000062040606;26.176,59;;29197700;115,76;;B47;GBZ995;DN;;GZ;C;5.235,32;B00;2128-05-20
300;1920;209,300;MIN;MIN;209,300;209,300;0,000;0,000;TO;3646;Ballard.Rocky;2014-06-20;01:00:00;2014-03-07;2014-03-07;109.069,13;J;3405034;1920;000000000046420128;plane found they pull wicket about;087956;nn62;436895984361;3646;70;3646;DN;YX;X;43;20;;10;;30.860,91;5.522,55;3.890,16;6,91;109.069,13;24.441,23;13.922,49;0779976370;;;;B61;000000000070615010;109.069,13;;04216423;54,33;;B0B;GBO720;DN;A;GZ;C;21.813,83;B00;2128-06-06
300;1920;209,300;MIN;MIN;209,300;209,300;0,000;0,000;TO;3646;Ballard.Rocky;2014-06-20;01:00:00;2014-02-22;2014-02-22;109.069,13;J;3405034;1920;000000000046420128;plane found they pull wicket about;087956;nn62;436895984361;3646;70;3646;DN;YX;X;64;20;;50;;13.887,41;5.522,55;3.890,16;6,91;109.069,13;24.441,23;13.922,49;0779976370;;;;B61;000000000070615010;109.069,13;;08098792;81,09;;B0B;GBH109;DN;;GZ;C;21.813,83;B00;2128-04-23
300;1940;376,400;MIN;MIN;376,400;365,600;0,376;0,376;KG;9550;Ballard.Rocky;2014-06-20;01:00:00;2014-02-07;2014-02-07;92.708,76;J;3405034;1940;000000000059373342;island on they handled found it's;054122;ky84;436895984361;9550;70;9550;DN;YX;X;91;20;;80;;25.006,95;4.928,18;2.453,52;2,63;109.069,13;14.981,61;15.670,02;0553660161;;B75;;B90;000000000071912449;92.708,76;;33371912;88,38;;B16;GBI534;DN;A;GZ;C;18.541,75;B00;2128-06-26
300;2010;339,700;MIN;MIN;339,700;380,600;0,340;0,340;KG;8650;Ballard.Rocky;2014-06-20;01:00:00;2014-02-02;2014-02-02;39.550,24;J;3405036;2010;000000000070355648;no web to find fire the with ship;028333;ys41;857023412314;8650;20;8650;DN;YX;X;82;80;;20;;27.037,68;6.597,60;4.060,61;6,93;75.241,92;38.843,86;3.738,94;0072963822;B62;;;B29;000000000072697436;39.550,24;;10351457;-34,28;;B27;GBQ394;DN;;GZ;C;7.910,05;;2128-07-29
300;2080;314,600;TO;TO;314,600;409,200;314.600,000;314.600,000;KG;9723;Ballard.Rocky;2014-06-20;01:00:00;2014-02-02;2014-02-02;69.642,31;J;3405037;2080;000000000075186317;light we ghost have else window;043386;sq68;770976357519;9723;10;9723;DN;YX;X;55;20;;80;;33.330,39;6.507,65;2.670,30;5,99;69.642,31;35.777,53;14.881,39;0113740853;;;;B29;000000000069236645;69.642,31;;14879972;11,28;;B50;GBC918;DN;A;GZ;C;13.928,46;;2128-06-02
300;2100;418,500;TO;TO;418,500;525,900;418,500;418,500;TO;9723;Ballard.Rocky;2014-06-20;01:00:00;2014-02-02;2014-02-02;69.642,31;J;3405037;2100;000000000075186317;light we ghost have else window;043386;sq68;770976357519;9723;30;9723;DN;YX;X;57;20;;50;;19.811,98;7.470,18;3.995,39;2,34;69.642,31;30.571,22;14.481,84;0606096219;;;;B90;000000000069236645;69.642,31;;30673915;181,77;;B0B;GBZ662;DN;;GZ;C;13.928,46;;2128-08-06
300;2120;292,860;KG;KG;292,860;432,300;0,293;0,293;TO;9593;Ballard.Rocky;2014-06-20;01:00:00;2014-02-02;2014-02-02;69.642,31;J;3405037;2120;000000000076538307;open it was white plane to light;067246;pe65;550958000258;9593;80;9593;DN;YX;X;68;20;;70;;30.834,76;6.540,68;740,76;6,89;69.642,31;30.812,08;9.933,04;0468263756;;;;B23;000000000070881281;69.642,31;;22260169;64,62;;B0B;GBE159;DN;;GZ;C;13.928,46;;2128-05-21
300;2150;189,170;M3;M3;189,170;289,200;435,091;435,091;TO;1648;Ballard.Rocky;2014-06-20;01:00:00;2014-02-02;2014-02-02;69.642,31;J;3405037;2150;000000000021111364;sits build something books lost;068276;fm94;569243104376;1648;50;1648;DN;YX;X;43;20;;40;;31.194,82;7.978,32;5.247,99;6,10;69.642,31;31.769,17;14.283,62;0072963822;;;;B12;000000000064704618;69.642,31;;05090871;-2,32;;B62;GBE016;DN;A;GZ;C;13.928,46;;2128-07-11
300;2160;162,430;TO;TO;162,430;323,300;162,430;162,430;TO;5480;Ballard.Rocky;2014-06-20;01:00:00;2014-02-02;2014-02-02;34.124,73;J;3405037;2160;000000000021111364;sits build something books lost;068276;fm94;569243104376;5480;20;5480;DN;YX;B;43;20;;50;;24.376,31;7.308,49;4.393,48;2,59;69.642,31;21.210,97;14.338,27;0537868059;;;;B12;000000000064704618;34.124,73;;22504544;48,46;;B0B;GBR281;DN;;GZ;C;6.824,95;;2128-04-03
300;2160;282,760;TO;TO;282,760;323,300;282,760;282,760;TO;5480;Ballard.Rocky;2014-06-20;01:00:00;2014-02-02;2014-02-02;69.642,31;J;3405037;2160;000000000021111364;sits build something books lost;068276;fm94;569243104376;5480;20;5480;DN;YX;X;43;20;;50;;24.376,31;7.308,49;4.393,48;2,03;69.642,31;21.210,97;1.433,83;0537868059;;;;B12;000000000064704618;69.642,31;;25599064;48,46;;B86;GBR817;DN;A;GZ;C;13.928,46;;2128-05-27
300;2170;363,190;TO;TO;363,190;365,900;363,190;363,190;TO;1868;Ballard.Rocky;2014-06-20;01:00:00;2014-05-20;2014-05-20;68.606,93;J;3405038;2170;000000000021111364;sits build something books lost;068276;fm94;687146393967;1868;60;1868;DN;YX;B;66;70;;40;;34.503,14;5.071,44;3.037,55;6,95;142.931,10;28.904,21;14.965,03;0537868059;;;;B96;000000000064704618;68.606,93;;39128022;-70,05;;B0B;GBD493;DN;A;GZ;C;13.721,39;;2128-06-08
300;2180;212,080;TO;TO;212,080;296,300;212,080;212,080;TO;1868;Ballard.Rocky;2014-06-20;01:00:00;2014-02-02;2014-02-02;142.931,10;J;3405038;2180;000000000073157443;library came to open sidekick enter;025223;hm56;687146393967;1868;0;1868;DN;YX;B;30;70;;0;;27.448,39;3.571,31;4.018,55;6,90;34.303,46;25.857,79;9.301,81;0537868059;;B56;;B26;;142.931,10;;37833322;84,16;;B0B;GBL294;DN;A;GZ;C;28.586,22;;2128-06-03
300;2190;406,900;M3;M3;406,900;406,900;935,870;935,870;TO;6934;Ballard.Rocky;2014-06-20;01:00:00;2014-02-02;2014-02-02;95.763,84;J;3405038;2190;000000000073157443;library came to open sidekick enter;025223;hm56;422461110191;6934;0;6934;DN;YX;X;18;70;;80;;25.268,46;6.576,63;2.878,89;4,67;142.931,10;34.062,89;13.098,77;0110380343;B53;B80;;B38;;95.763,84;;13822176;-24,65;;B0B;GBR984;DN;;GZ;C;19.152,77;;2128-04-24
300;2200;339,890;M3;M3;339,890;391,700;781,747;781,747;TO;7664;Ballard.Rocky;2014-06-20;01:00:00;2014-02-02;2014-02-02;142.931,10;J;3405038;2200;000000000072184333;found window constantly visions;050249;bd25;762468080584;7664;0;7664;DN;YX;X;18;70;;80;;16.960,07;5.795,39;2.897,19;6,93;142.931,10;36.593,14;13.504,79;0110380343;;;;B43;;142.931,10;;26710374;20,68;;B0B;GBS911;DN;A;GZ;C;28.586,22;;2128-06-17
300;2200;391,700;M3;M3;391,700;391,700;900,910;900,910;TO;7664;Ballard.Rocky;2014-06-20;01:00:00;2014-02-02;2014-02-02;27.156,91;J;3405038;2200;000000000072184333;found window constantly visions;050249;bd25;762468080584;7664;0;7664;DN;YX;X;79;70;;40;;32.615,51;811,35;2.897,19;6,93;142.931,10;36.593,14;13.504,79;0110380343;;;;B43;;27.156,91;;22568662;57,45;;B0B;GBI597;DN;A;GZ;C;5.431,38;;2128-05-17
300;2210;378,730;M3;M3;378,730;441,600;0,379;0,379;KG;7664;Ballard.Rocky;2014-06-20;01:00:00;2014-03-11;2014-03-11;142.931,10;J;3405038;2210;000000000045524827;people always numbers headphones;027959;mc54;762468080584;7664;30;7664;DN;YX;X;79;70;;0;;22.911,04;5.370,04;1.642,45;5,78;142.931,10;39.205,99;14.675,01;0110380343;;B27;;B43;000000000062887682;142.931,10;;38235274;-157,63;;B50;GBU492;DN;;GZ;C;28.586,22;;2128-07-05
300;2220;309,160;TO;TO;309,160;377,700;309.160,000;309.160,000;KG;7253;Ballard.Rocky;2014-06-20;01:00:00;2014-03-07;2014-03-07;142.931,10;J;3405038;2220;000000000061819364;through sacrifice who moved had;050387;zm00;762468080584;7253;50;7253;DN;YX;B;66;70;;80;;6.197,00;6.076,72;3.452,84;6,94;142.931,10;27.257,28;6.683,65;0604864191;;;;B43;;142.931,10;;04136416;116,65;;B65;GBT694;DN;A;GZ;C;28.586,22;;2128-05-20
300;2230;193,810;MIN;MIN;193,810;303,900;0,000;0,000;TO;5216;Ballard.Rocky;2014-06-20;01:00:00;2014-02-02;2014-02-02;55.743,13;J;3405038;2230;000000000073561246;waited hid text badly died while;048099;lx59;762468080584;5216;10;5216;DN;YX;X;66;70;;10;;34.264,81;4.328,57;1.317,93;6,91;142.931,10;28.424,08;14.031,36;0319828531;;;;B43;000000000064648260;55.743,13;;24037860;-26,96;;B0B;GBB238;DN;A;GZ;C;11.148,63;;2128-07-28
300;2230;262,320;MIN;MIN;262,320;303,900;0,000;0,000;TO;5216;Ballard.Rocky;2014-06-20;01:00:00;2014-02-02;2014-02-02;142.931,10;J;3405038;2230;000000000073561246;waited hid text badly died while;048099;lx59;762468080584;5216;10;5216;DN;YX;B;66;70;;50;;34.264,81;6.365,55;3.468,24;6,91;142.931,10;28.424,08;14.031,36;0319828531;;;;B43;000000000064648260;142.931,10;;18584082;-26,96;;B0B;GBL028;DN;;GZ;C;28.586,22;;2128-04-25
300;2250;310,660;M3;M3;310,660;262,400;0,311;0,311;KG;7640;Ballard.Rocky;2014-06-20;01:00:00;2014-02-02;2014-02-02;117.203,50;J;3405038;2250;000000000073561246;waited hid text badly died while;048099;lx59;578494946140;7640;30;7640;DN;YX;X;51;70;;70;;29.724,56;4.897,08;4.149,35;3,58;142.931,10;32.388,48;14.703,80;0200086706;B56;;;B43;000000000064648260;117.203,50;;26184299;23,00;;B0B;GBO429;DN;A;GZ;C;23.440,70;;2128-06-12
300;2290;191,490;KG;KG;191,490;237,500;0,191;0,191;TO;4113;Ballard.Rocky;2014-06-20;01:00:00;2014-02-02;2014-02-02;142.931,10;J;3405038;2290;000000000053283905;while open plane ill light smoke;072150;yn92;278867693559;4113;10;4113;DN;YX;X;48;70;;70;;17.936,00;9.073,14;2.999,60;6,89;142.931,10;38.628,95;14.562,83;0419684874;;;;B38;000000000072053529;142.931,10;;27507074;111,76;;B0B;GBD785;DN;;GZ;C;28.586,22;;2128-06-17
300;2290;237,500;KG;KG;237,500;237,500;0,238;0,238;TO;4113;Ballard.Rocky;2014-06-20;01:00:00;2014-02-02;2014-02-02;142.931,10;J;3405038;2290;000000000053283905;while open plane ill light smoke;072150;yn92;278867693559;4113;10;4113;DN;YX;X;48;70;;30;;17.936,00;9.073,14;2.999,60;3,17;142.931,10;14.679,00;2.912,57;0419684874;;;;B38;000000000072053529;142.931,10;;13595326;111,76;;B42;GBO192;DN;A;GZ;C;28.586,22;;2128-07-05
300;2320;191,630;TO;TO;191,630;328,400;191.630,000;191.630,000;KG;6015;Ballard.Rocky;2014-06-20;01:00:00;2014-02-02;2014-02-02;98.947,26;J;3405039;2320;000000000050443223;will wicket about to books else;049683;nq91;278867693559;6015;10;6015;DN;YX;B;49;30;;50;;22.421,85;3.487,78;2.996,59;6,94;98.947,26;30.579,06;7.856,09;0912606791;B70;;;B98;;98.947,26;;39522863;193,87;;B0B;GBZ310;DN;;GZ;C;19.789,45;B05;2128-07-21
300;2320;269,190;TO;TO;269,190;328,400;269.190,000;269.190,000;KG;6015;Ballard.Rocky;2014-06-20;01:00:00;2014-02-02;2014-02-02;98.947,26;J;3405039;2320;000000000050443223;will wicket about to books else;049683;nq91;278867693559;6015;10;6015;DN;YX;B;49;30;;0;;7.623,43;6.118,91;1.108,74;6,94;98.947,26;30.579,06;14.548,32;0912606791;B70;;;B98;;98.947,26;;06280221;193,87;;B0B;GBA178;DN;;GZ;C;19.789,45;B05;2128-07-05
300;2330;261,700;KG;KG;261,700;261,700;261,700;261,700;KG;8412;Ballard.Rocky;2014-06-20;01:00:00;2014-02-02;2014-02-02;17.810,51;J;3405039;2330;000000000050443223;will wicket about to books else;049683;nq91;278867693559;8412;10;8412;DN;YX;X;49;30;;10;;35.253,39;7.565,87;4.527,57;1,11;98.947,26;41.074,13;6.442,20;0623147794;;B90;;B30;;17.810,51;;13769892;42,13;;B32;GBF131;DN;A;GZ;C;3.562,10;B05;2128-05-05
300;2370;358,070;TO;TO;358,070;437,100;358,070;358,070;TO;2590;Ballard.Rocky;2014-06-20;01:00:00;2014-02-02;2014-02-02;31,29;J;3405040;2370;000000000055543623;sits rabbit window ship asked show;088534;ls09;015238591209;2590;40;2590;DN;YX;X;75;30;;60;;68,02;68,02;68,02;5,64;21,77;34.216,19;14.295,95;0305461581;;B63;;B05;000000000072784637;31,29;;39117472;108,26;;B0B;GBJ634;DN;A;GZ;C;6,26;;2128-06-16
300;2370;465,130;TO;TO;465,130;437,100;465,130;465,130;TO;2590;Ballard.Rocky;2014-06-20;01:00:00;2014-02-21;2014-02-21;68,02;J;3405040;2370;000000000055543623;sits rabbit window ship asked show;088534;ls09;015238591209;2590;40;2590;DN;YX;X;75;30;;60;;46,93;68,02;68,02;6,88;48,29;34.216,19;14.295,95;0305461581;;B63;;B05;000000000072784637;68,02;;17195697;108,26;;B0B;GBP597;DN;A;GZ;C;13,60;;2128-06-21
300;2380;432,310;TO;TO;432,310;502,000;432.310,000;432.310,000;KG;7920;Ballard.Rocky;2014-06-20;01:00:00;2014-02-02;2014-02-02;68,02;J;3405040;2380;000000000005991736;books sacrifice I or maybe good;060096;am91;994815992990;7920;40;7920;DN;YX;X;81;30;;80;;33,33;68,02;68,02;6,94;38,09;33.171,79;12.379,05;0305461581;;B63;;B05;000000000062967998;68,02;;22846719;125,95;;B0B;GBR363;DN;A;GZ;C;13,60;;2128-03-21
300;2410;356,080;KG;KG;356,080;368,500;356,080;356,080;KG;3896;Ballard.Rocky;2014-06-20;01:00:00;2014-02-02;2014-02-02;68,02;J;3405040;2410;000000000027470892;this end came numbers fire much;073684;wr98;107621695923;3896;80;3896;DN;YX;X;81;30;;50;;68,02;34,69;68,02;6,91;68,02;22.771,35;14.495,73;0901019446;B57;;;B58;;68,02;;05143714;82,75;;B0B;GBL048;DN;A;GZ;C;13,60;;2128-06-04
300;2410;246,770;KG;KG;246,770;368,500;246,770;246,770;KG;3896;Ballard.Rocky;2014-06-20;01:00:00;2014-02-02;2014-02-02;68,02;J;3405040;2410;000000000027470892;this end came numbers fire much;073684;wr98;107621695923;3896;80;3896;DN;YX;X;60;30;;60;;68,02;68,02;68,02;6,91;68,02;30.772,10;14.495,73;0901019446;B57;;;B58;;68,02;;23116255;140,25;;B0B;GBC977;DN;;GZ;C;13,60;;2128-06-21
300;2430;309,230;TO;TO;309,230;404,500;309,230;309,230;TO;5696;Ballard.Rocky;2014-06-20;01:00:00;2014-02-02;2014-02-02;30.965,12;J;3405041;2430;000000000044347174;ill died sofa until ill open find;040228;iq06;871283050356;5696;60;5696;DN;YX;X;60;30;;30;;15.894,54;6.527,16;2.494,26;5,88;119.096,60;39.813,49;14.456,78;0912606791;;;;B46;000000000061778543;30.965,12;;28796005;65,82;;B46;GBX695;DN;A;GZ;C;6.193,02;B03;2128-05-01
300;2450;329,370;TO;TO;329,370;432,500;329,370;329,370;TO;2831;Ballard.Rocky;2014-06-20;01:00:00;2014-02-02;2014-02-02;47.546,96;J;3405042;2450;000000000051234217;pique so island to captain window;028951;ax92;473921261800;2831;60;2831;DN;YX;X;60;30;;30;;29.007,38;6.548,59;3.371,90;5,68;115.968,20;31.388,45;13.118,87;0051993527;;;;B30;;47.546,96;;19275498;162,19;;B80;GBU221;DN;A;GZ;C;9.509,39;;2128-07-04
300;2450;452,690;TO;TO;452,690;432,500;452,690;452,690;TO;2831;Ballard.Rocky;2014-06-20;01:00:00;2014-02-02;2014-02-02;115.968,20;J;3405042;2450;000000000051234217;pique so island to captain window;028951;ax92;473921261800;2831;60;2831;DN;YX;X;49;30;;70;;29.007,38;6.548,59;3.371,90;6,93;34.790,46;31.388,45;4.460,42;0051993527;;;;B30;;115.968,20;;03137124;242,07;;B0B;GBA706;DN;A;GZ;C;23.193,64;;2128-06-17
300;2460;287,630;TO;TO;287,630;319,700;287.630,000;287.630,000;KG;2831;Ballard.Rocky;2014-06-20;01:00:00;2014-02-02;2014-02-02;12.756,50;J;3405042;2460;000000000036432600;is lost text write to discovered;077330;cz68;473921261800;2831;60;2831;DN;YX;X;49;30;;70;;12.914,14;8.498,70;4.876,52;6,95;75.379,33;21.602,54;9.940,91;0267129818;;;;B30;000000000066205946;12.756,50;;24435443;80,49;;B0B;GBD584;DN;A;GZ;C;2.551,30;;2128-07-19
300;2460;247,480;TO;TO;247,480;319,700;247.480,000;247.480,000;KG;2831;Ballard.Rocky;2014-06-20;01:00:00;2014-02-02;2014-02-02;115.968,20;J;3405042;2460;000000000036432600;is lost text write to discovered;077330;cz68;473921261800;2831;60;2831;DN;YX;X;49;30;;40;;30.747,96;8.498,70;4.876,52;6,95;115.968,20;21.602,54;15.779,22;0267129818;;;;B30;000000000066205946;115.968,20;;34122322;80,49;;B0B;GBF364;DN;;GZ;C;23.193,64;;2128-06-19
300;2470;408,540;M3;M3;408,540;479,500;939,642;939,642;TO;3685;Ballard.Rocky;2014-06-20;01:00:00;2014-02-02;2014-02-02;115.968,20;J;3405042;2470;000000000074959379;while hat people hatch good keys;048131;lj66;473921261800;3685;80;3685;DN;YX;X;72;30;;20;;30.785,82;6.852,52;1.618,54;6,91;115.968,20;31.911,14;9.838,44;0220864768;B43;B21;;B30;000000000072220420;115.968,20;;14529068;141,05;;B0B;GBB092;DN;A;GZ;C;23.193,64;;2128-07-15
300;2480;283,910;M3;M3;283,910;359,700;652,993;652,993;TO;5614;Ballard.Rocky;2014-06-20;01:00:00;2014-02-22;2014-02-22;115.968,20;J;3405042;2480;000000000024540744;keys through suspense where out;012126;oi40;542129604206;5614;20;5614;DN;YX;B;97;30;;70;;28.932,39;6.038,10;2.109,54;6,93;115.968,20;26.804,01;14.966,15;0319258093;B92;;;B30;000000000064508470;115.968,20;;26126794;33,81;;B88;GBZ389;DN;A;GZ;C;23.193,64;;2128-06-06
300;2490;227,650;KG;KG;227,650;298,800;0,228;0,228;TO;4693;Ballard.Rocky;2014-06-20;01:00:00;2014-02-02;2014-02-02;115.968,20;J;3405042;2490;000000000024540744;keys through suspense where out;012126;oi40;454599613974;4693;80;4693;DN;YX;X;97;30;;80;;8.439,14;7.156,44;3.945,61;6,90;115.968,20;19.259,48;13.054,06;0916474151;B92;;;B11;000000000064508470;115.968,20;;26486031;10,21;;B0B;GBP105;DN;A;GZ;C;23.193,64;;2128-04-15
300;2510;268,840;KG;KG;268,840;347,900;0,269;0,269;TO;4893;Ballard.Rocky;2014-06-20;01:00:00;2014-02-02;2014-02-02;115.968,20;J;3405042;2510;000000000024540744;keys through suspense where out;012126;oi40;454599613974;4893;70;4893;DN;YX;X;97;30;;60;;12.974,64;7.077,84;4.198,83;6,91;115.968,20;31.411,23;13.633,03;0255962953;;;;B70;000000000064508470;115.968,20;;01637301;124,19;;B0B;GBX255;DN;;GZ;C;23.193,64;;2128-05-05
300;2510;379,970;KG;KG;379,970;347,900;0,380;0,380;TO;4893;Ballard.Rocky;2014-06-20;01:00:00;2014-03-10;2014-03-10;115.968,20;J;3405042;2510;000000000024540744;keys through suspense where out;012126;oi40;454599613974;4893;70;4893;DN;YX;X;83;30;;30;;27.030,51;7.077,84;755,79;1,11;18.554,91;31.411,23;13.633,03;0255962953;;;;B70;000000000064508470;115.968,20;;03866604;124,19;;B31;GBQ504;DN;A;GZ;C;23.193,64;;2128-07-07
300;2520;265,800;KG;KG;265,800;265,800;0,266;0,266;TO;2419;Ballard.Rocky;2014-06-20;01:00:00;2014-04-17;2014-04-17;70.217,98;J;3405043;2520;000000000024540744;keys through suspense where out;012126;oi40;145786096110;2419;70;2419;DN;YX;X;10;30;;20;;26.083,43;7.223,15;4.005,01;6,91;56.174,38;24.604,59;12.407,99;0255962953;;;;B89;000000000064508470;70.217,98;;29350606;65,82;;B89;GBU993;DN;A;GZ;C;14.043,60;B05;2128-05-12
300;2520;223,950;KG;KG;223,950;265,800;0,224;0,224;TO;2419;Ballard.Rocky;2014-06-20;01:00:00;2014-02-02;2014-02-02;17.554,50;J;3405043;2520;000000000024540744;keys through suspense where out;012126;oi40;145786096110;2419;70;2419;DN;YX;X;10;30;;70;;26.083,43;7.223,15;3.204,01;6,91;13.341,42;3.936,73;12.407,99;0255962953;;;;B89;000000000064508470;17.554,50;;19151899;65,82;;B14;GBY176;DN;A;GZ;C;3.510,90;B05;2128-04-01
300;2520;269,510;KG;KG;269,510;265,800;0,270;0,270;TO;2419;Ballard.Rocky;2014-06-20;01:00:00;2014-02-02;2014-02-02;70.217,98;J;3405043;2520;000000000024540744;keys through suspense where out;012126;oi40;145786096110;2419;70;2419;DN;YX;X;10;30;;60;;26.083,43;7.223,15;4.005,01;6,91;70.217,98;24.604,59;12.407,99;0255962953;;;;B89;000000000064508470;70.217,98;;23537947;65,82;;B17;GBY206;DN;;GZ;C;14.043,60;B05;2128-04-23
300;2550;310,180;MIN;MIN;310,180;260,800;0,000;0,000;TO;3279;Ballard.Rocky;2014-06-20;01:00:00;2014-02-02;2014-02-02;70.217,98;J;3405043;2550;000000000050958902;they they boon speed pique is ill;084720;up13;577617666571;3279;20;3279;DN;YX;X;59;30;;40;;4.685,14;5.740,71;3.324,03;6,89;70.217,98;7.800,95;14.538,77;0091651523;;B90;;B78;000000000067271819;70.217,98;;27733880;-24,96;;B0B;GBI169;DN;A;GZ;C;14.043,60;B05;2128-08-24
300;2560;232,480;MIN;MIN;232,480;352,700;0,232;0,232;KG;6387;Ballard.Rocky;2014-06-20;01:00:00;2014-02-02;2014-02-02;98.979,51;J;3405044;2560;000000000050958902;they they boon speed pique is ill;084720;up13;873622633995;6387;70;6387;DN;YX;X;43;30;;70;;26.572,58;6.334,23;3.776,75;2,63;111.212,93;25.913,98;15.194,42;0278662747;;B90;;B59;000000000067271819;98.979,51;;20923325;-26,39;;B0B;GBR110;DN;;GZ;C;19.795,90;;2128-05-05
300;2610;325,660;KG;KG;325,660;426,100;325,660;325,660;KG;8155;Ballard.Rocky;2014-06-20;01:00:00;2014-02-02;2014-02-02;104,61;J;3405046;2610;000000000048916686;through throw ball have days demanded;067261;hq89;271410168038;8155;80;8155;DN;YX;X;75;0;;20;;104,61;104,61;69,04;6,86;104,61;4.813,32;14.455,85;0984318019;B13;B57;;B78;000000000079330803;104,61;;02061346;141,28;;B0B;GBW842;DN;;GZ;C;20,92;;2128-07-01
300;2620;552,940;KG;KG;552,940;462,500;552,940;552,940;KG;3402;Ballard.Rocky;2014-06-20;01:00:00;2014-02-03;2014-02-03;82,64;J;3405046;2620;000000000025684533;throw magnetic came ends web enter;058831;fx49;137888634110;3402;60;3402;DN;YX;X;15;0;;0;;104,61;104,61;104,61;6,89;75,32;27.040,57;9.503,18;0112803710;;B57;;B76;000000000077521940;82,64;;02581853;-62,15;;B94;GBJ789;DN;;GZ;C;16,53;;2128-05-21
300;2640;394,770;MIN;MIN;394,770;398,400;0,000;0,000;TO;6719;Ballard.Rocky;2014-06-20;01:00:00;2014-02-02;2014-02-02;61,72;J;3405046;2640;000000000047727864;throw hid end build island was;053261;ya62;688587225539;6719;80;6719;DN;YX;B;64;0;;0;;104,61;104,61;62,77;6,91;92,06;25.573,97;14.731,63;0649214127;;;;B77;000000000074712425;61,72;;20819232;132,15;;B0B;GBA964;DN;A;GZ;C;12,34;;2128-07-24
300;2680;413,040;TO;TO;413,040;456,000;413,040;413,040;TO;9036;Ballard.Rocky;2014-06-20;01:00:00;2014-02-02;2014-02-02;105.817,59;J;3405047;2680;000000000075108167;moved suspense on so visions library;014873;ui36;855333484610;9036;70;9036;DN;YX;X;64;0;;10;;29.509,75;6.780,38;1.150,95;6,83;105.817,59;28.420,54;9.117,20;0113740853;B40;;;B28;;105.817,59;;10397222;102,69;;B0B;GBJ574;DN;;GZ;C;21.163,52;B01;2128-07-12
300;2700;381,400;M3;M3;381,400;455,600;877,220;877,220;TO;5258;Ballard.Rocky;2014-06-20;01:00:00;2014-02-02;2014-02-02;105.817,59;J;3405047;2700;000000000076443110;wicket light in end out as much;040459;zf64;705393052831;5258;30;5258;DN;YX;X;14;0;;80;;6.439,43;7.549,66;2.666,07;6,92;105.817,59;28.270,21;15.956,45;0986319638;;;;B87;000000000073623171;105.817,59;;29097866;160,80;;B0B;GBV371;DN;;GZ;C;21.163,52;B01;2128-04-30
300;2700;436,180;M3;M3;436,180;455,600;1.003,214;1.003,214;TO;5258;Ballard.Rocky;2014-06-20;01:00:00;2014-02-02;2014-02-02;105.817,59;J;3405047;2700;000000000076443110;wicket light in end out as much;040459;zf64;705393052831;5258;30;5258;DN;YX;X;54;0;;30;;22.997,98;7.549,66;2.832,70;1,94;105.817,59;28.270,21;15.956,45;0986319638;;;;B87;000000000073623171;105.817,59;;02005697;282,10;;B0B;GBD314;DN;A;GZ;C;21.163,52;B01;2128-06-20
300;2710;161,790;M3;M3;161,790;317,400;372,117;372,117;TO;5843;Ballard.Rocky;2014-06-20;01:00:00;2014-02-02;2014-02-02;105.817,59;J;3405047;2710;000000000076443110;wicket light in end out as much;040459;zf64;165233504875;5843;80;5843;DN;YX;B;49;0;;60;;11.149,18;5.769,90;3.265,10;6,90;105.817,59;37.123,78;9.686,78;0986319638;B40;;;B98;000000000073623171;105.817,59;;34507310;73,88;;B0B;GBQ224;DN;;GZ;C;21.163,52;B01;2128-07-05
300;2710;161,640;M3;M3;161,640;317,400;371,772;371,772;TO;5843;Ballard.Rocky;2014-06-20;01:00:00;2014-02-21;2014-02-21;29.628,93;J;3405047;2710;000000000076443110;wicket light in end out as much;040459;zf64;165233504875;5843;80;5843;DN;YX;X;49;0;;40;;27.193,11;5.769,90;3.265,10;6,90;105.817,59;37.123,78;14.038,81;0986319638;B40;;;B98;000000000073623171;29.628,93;;38466727;217,30;;B17;GBK868;DN;;GZ;C;5.925,79;B01;2128-06-06
300;2720;361,030;TO;TO;361,030;423,200;361,030;361,030;TO;5845;Ballard.Rocky;2014-06-20;01:00:00;2014-02-02;2014-02-02;105.817,59;J;3405047;2720;000000000076443110;wicket light in end out as much;040459;zf64;165233504875;5845;40;5845;DN;YX;X;92;0;;40;;38.810,70;6.669,78;3.221,25;6,93;105.817,59;33.826,40;13.649,48;0605158831;B40;;;B98;000000000073623171;105.817,59;;20803793;139,29;;B20;GBQ588;DN;;GZ;C;21.163,52;B01;2128-04-04
300;2740;242,080;TO;TO;242,080;291,300;242,080;242,080;TO;5845;Ballard.Rocky;2014-06-20;01:00:00;2014-02-02;2014-02-02;84.668,83;J;3405048;2740;000000000058331245;speed constantly it fire in sill;020727;ip32;829470366661;5845;70;5845;DN;YX;B;64;0;;0;;28.683,98;5.962,23;3.113,01;6,94;84.668,83;20.008,41;14.331,48;0330701439;B44;;;B78;;84.668,83;;14279010;65,94;;B18;GBB752;DN;A;GZ;C;16.933,77;B05;2128-07-19
300;2740;216,260;TO;TO;216,260;291,300;216,260;216,260;TO;5845;Ballard.Rocky;2014-06-20;01:00:00;2014-02-02;2014-02-02;84.668,83;J;3405048;2740;000000000058331245;speed constantly it fire in sill;020727;ip32;829470366661;5845;70;5845;DN;YX;B;64;0;;50;;7.457,83;4.769,78;3.113,01;6,94;84.668,83;20.008,41;14.331,48;0330701439;B44;;;B78;;84.668,83;;15513083;169,08;;B0B;GBJ149;DN;A;GZ;C;16.933,77;B05;2128-06-14
300;2800;354,330;KG;KG;354,330;420,800;0,354;0,354;TO;3617;Parsons.Susan;2014-06-20;01:00:00;2014-02-02;2014-02-02;84.668,83;J;3405048;2800;000000000001459742;are web they ending or with of;028620;lc83;471543784326;3617;10;3617;DN;YX;X;24;0;;10;;24.270,40;3.270,46;1.227,82;6,94;84.668,83;4.974,90;14.574,31;0262706999;;;;B32;000000000075537879;84.668,83;;36850607;34,13;;B0B;GBK629;DN;;GZ;C;16.933,77;B05;2128-04-09
300;2870;297,060;MIN;MIN;297,060;349,900;0,000;0,000;TO;8392;Parsons.Susan;2014-06-20;01:00:00;2014-02-02;2014-02-02;97.677,18;J;3405050;2870;000000000072184333;found window constantly visions;050249;bd25;854138043560;8392;10;8392;DN;YX;B;54;50;;10;;5.038,38;7.568,64;2.500,24;6,94;147.995,72;14.547,12;14.847,61;0788285917;;B00;;B72;;97.677,18;;22240674;44,51;;B73;GBN113;DN;A;GZ;C;19.535,44;B07;2128-05-31
300;2880;346,520;MIN;MIN;346,520;425,200;0,000;0,000;TO;8392;Parsons.Susan;2014-06-20;01:00:00;2014-02-02;2014-02-02;147.995,72;J;3405050;2880;000000000058331245;speed constantly it fire in sill;020727;ip32;854138043560;8392;10;8392;DN;YX;X;79;50;;50;;28.643,40;7.861,97;4.753,93;6,89;147.995,72;24.191,91;1.856,45;0779082721;;;;B72;;147.995,72;;03097608;28,03;;B0B;GBL162;DN;;GZ;C;29.599,14;B07;2128-07-23
300;2880;270,920;MIN;MIN;270,920;425,200;0,000;0,000;TO;8392;Parsons.Susan;2014-06-20;01:00:00;2014-02-02;2014-02-02;147.995,72;J;3405050;2880;000000000058331245;speed constantly it fire in sill;020727;ip32;854138043560;8392;10;8392;DN;YX;B;79;50;;80;;28.643,40;7.861,97;4.753,93;6,89;147.995,72;24.191,91;11.271,33;0779082721;;;;B72;;147.995,72;;23817133;28,03;;B0B;GBK645;DN;;GZ;C;29.599,14;B07;2128-07-23
300;2880;403,650;MIN;MIN;403,650;425,200;0,000;0,000;TO;8392;Parsons.Susan;2014-06-20;01:00:00;2014-02-02;2014-02-02;113.956,70;J;3405050;2880;000000000058331245;speed constantly it fire in sill;020727;ip32;854138043560;8392;10;8392;DN;YX;X;79;50;;80;;28.643,40;6.918,53;4.753,93;6,89;131.716,19;24.191,91;13.260,39;0779082721;;;;B72;;113.956,70;;36643236;28,03;;B0B;GBE542;DN;A;GZ;C;22.791,34;B07;2128-06-19
300;2900;398,280;M3;M3;398,280;381,300;0,398;0,398;KG;2477;Parsons.Susan;2014-06-20;01:00:00;2014-02-02;2014-02-02;76.957,77;J;3405050;2900;000000000077318155;demanded constantly died waited;050701;xm84;904522490018;2477;60;2477;DN;YX;X;97;50;;80;;37.148,59;5.480,94;2.888,03;6,95;147.995,72;26.678,89;9.591,28;0272134539;;B75;;B72;000000000076740186;76.957,77;;38203058;81,15;;B0B;GBN000;DN;;GZ;C;15.391,55;B07;2128-05-02
300;2920;367,880;TO;TO;367,880;363,200;367,880;367,880;TO;9635;Parsons.Susan;2014-06-20;01:00:00;2014-03-01;2014-03-01;147.995,72;J;3405050;2920;000000000046134954;lock pull through they hatch waited;017146;ya02;904522490018;9635;80;9635;DN;YX;X;97;50;;0;;31.229,42;6.868,40;1.915,26;4,91;147.995,72;14.320,93;14.459,85;0272134539;;B84;;B32;000000000079863444;147.995,72;;21626224;57,06;;B0B;GBL989;DN;A;GZ;C;29.599,14;B07;2128-04-23
300;2970;411,660;TO;TO;411,660;430,700;411.660,000;411.660,000;KG;2950;Parsons.Susan;2014-06-20;01:00:00;2014-02-02;2014-02-02;30.788,50;J;3405052;2970;000000000050380469;secretly fire window hot light;031250;in20;904522490018;2950;50;2950;DN;YX;X;14;70;;70;;28.057,70;6.343,99;2.643,06;6,92;128.285,42;26.039,60;13.310,81;0630391789;;B46;;B26;;30.788,50;;23662461;-18,48;;B42;GBT712;DN;;GZ;C;6.157,70;;2128-05-15
300;2980;474,390;TO;TO;474,390;435,700;474,390;474,390;TO;3021;Parsons.Susan;2014-06-20;01:00:00;2014-02-02;2014-02-02;128.285,42;J;3405052;2980;000000000067044045;days hot have something where want;005466;mg02;686066565946;3021;50;3021;DN;YX;X;54;70;;10;;23.028,43;5.775,60;4.339,29;4,22;128.285,42;40.162,42;14.295,10;0574104246;B69;;;B26;000000000070529393;128.285,42;;23103100;47,48;;B0B;GBL130;DN;A;GZ;C;25.657,08;;2128-04-30
300;2990;194,840;KG;KG;194,840;240,800;194,840;194,840;KG;4077;Parsons.Susan;2014-06-20;01:00:00;2014-03-06;2014-03-06;97.496,92;J;3405052;2990;000000000037488332;books a keys this what window or maybe;052552;oc67;727341554577;4077;50;4077;DN;YX;B;91;70;;70;;24.858,73;5.908,63;4.234,16;0,76;64.142,71;4.746,85;8.581,55;0609120111;B85;;;B43;000000000065790721;97.496,92;;12117828;-11,32;;B11;GBM835;DN;A;GZ;C;19.499,38;;2128-06-30
300;3010;284,580;KG;KG;284,580;368,900;0,285;0,285;TO;2136;Parsons.Susan;2014-06-20;01:00:00;2014-02-02;2014-02-02;128.285,42;J;3405052;3010;000000000076443110;wicket light in end out as much;040459;zf64;877127364093;2136;70;2136;DN;YX;X;72;70;;80;;28.605,45;6.550,22;4.456,27;7,00;128.285,42;26.955,87;14.319,76;0620690214;B85;B72;;B43;000000000073623171;128.285,42;;38073945;20,31;;B0B;GBO371;DN;A;GZ;C;25.657,08;;2128-05-12
300;3040;249,720;KG;KG;249,720;428,200;249,720;249,720;KG;1512;Parsons.Susan;2014-06-20;01:00:00;2014-02-02;2014-02-02;128.285,42;J;3405052;3040;000000000033737421;in man room cold banging open it;079823;ea16;984308738995;1512;20;1512;DN;YX;X;25;70;;20;;18.106,84;4.555,51;2.851,34;6,89;128.285,42;30.247,56;14.914,47;0385672642;;B72;B88;B59;000000000072651635;128.285,42;;04847097;-34,08;;B0B;GBA507;DN;A;GZ;C;25.657,08;;2128-07-26
300;3040;395,630;KG;KG;395,630;428,200;395,630;395,630;KG;1512;Parsons.Susan;2014-06-20;01:00:00;2014-02-02;2014-02-02;128.285,42;J;3405052;3040;000000000033737421;in man room cold banging open it;079823;ea16;984308738995;1512;20;1512;DN;YX;X;25;70;;50;;22.920,05;4.555,51;2.851,34;6,89;128.285,42;30.247,56;14.914,47;0385672642;;B72;B88;B59;000000000072651635;128.285,42;;38370209;-50,86;;B0B;GBM179;DN;;GZ;C;25.657,08;;2128-07-06
300;3050;354,980;M3;M3;354,980;389,800;0,355;0,355;KG;2464;Parsons.Susan;2014-06-20;01:00:00;2014-02-02;2014-02-02;61.577,00;J;3405052;3050;000000000018770406;code boon of to in suspense world;056233;oh13;047742843453;2464;20;2464;DN;YX;X;37;70;;60;;12.274,61;6.180,94;4.756,41;6,92;128.285,42;35.072,83;13.663,19;0449579145;;B84;;B59;000000000073809984;61.577,00;;12346624;-44,86;;B0B;GBG526;DN;;GZ;C;12.315,40;;2128-05-05
300;3060;403,170;MIN;MIN;403,170;439,000;0,403;0,403;KG;2464;Parsons.Susan;2014-06-20;01:00:00;2014-02-02;2014-02-02;128.285,42;J;3405052;3060;000000000018770406;code boon of to in suspense world;056233;oh13;052635755818;2464;50;2464;DN;YX;X;25;70;;30;;25.858,55;4.858,97;2.543,91;6,91;128.285,42;4.014,89;9.440,81;0002714467;;;;B56;000000000073809984;128.285,42;;26594245;121,22;;B13;GBF018;DN;A;GZ;C;25.657,08;;2128-06-12
300;3070;350,420;TO;TO;350,420;359,600;350,420;350,420;TO;4354;Parsons.Susan;2014-06-20;01:00:00;2014-02-02;2014-02-02;128.285,42;J;3405052;3070;000000000073561246;waited hid text badly died while;048099;lx59;052635755818;4354;60;4354;DN;YX;X;15;70;;60;;23.072,62;6.545,99;3.374,98;6,88;128.285,42;26.873,75;14.843,56;0223467074;;;;B28;000000000064648260;128.285,42;;30034714;-30,89;;B0B;GBQ279;DN;;GZ;C;25.657,08;;2128-04-16
300;3100;411,500;M3;M3;411,500;411,500;0,412;0,412;KG;3948;Parsons.Susan;2014-06-20;01:00:00;2014-02-02;2014-02-02;27,32;J;3405053;3100;000000000003629164;ghost it demanded magnetic came;014420;vl20;196858502721;3948;70;3948;DN;YX;X;61;60;;60;;27,32;27,32;27,32;6,90;27,32;4.049,05;2.524,47;0763976295;;;;B14;000000000079185860;27,32;;37838648;170,79;;B71;GBU937;DN;A;GZ;C;5,46;B05;2128-05-03
300;3110;342,540;KG;KG;342,540;393,000;0,343;0,343;TO;8326;Parsons.Susan;2014-06-20;01:00:00;2014-02-02;2014-02-02;27,32;J;3405053;3110;000000000003629164;ghost it demanded magnetic came;014420;vl20;196858502721;8326;70;8326;DN;YX;X;61;60;;40;;27,32;27,32;9,56;6,86;27,32;10.322,96;16.209,30;0763976295;;;;B14;000000000079185860;27,32;;27619121;45,04;;B0B;GBL138;DN;;GZ;C;5,46;B05;2128-07-26
300;3120;354,180;KG;KG;354,180;400,300;354,180;354,180;KG;1785;Parsons.Susan;2014-06-20;01:00:00;2014-02-02;2014-02-02;30.342,92;J;3405054;3120;000000000075108167;moved suspense on so visions library;014873;ui36;196858502721;1785;80;1785;DN;YX;X;85;60;;10;;30.139,37;6.848,92;3.690,82;6,97;112.381,19;34.539,44;9.957,29;0121747122;B70;;;B45;;30.342,92;;31638569;39,56;;B0B;GBA086;DN;;GZ;C;6.068,58;B03;2128-05-25
