Delivery;Item;ItCa;Created by;Time;Created on;Material;Material entered;Matl Group;Plnt;SLoc;Customer material number;Product hierarchy;Delivery quantity;BUn;SU;Gross weight;Net weight;WUn;Volume;Overdel Tol;Underdel Tol;MatAvDt;Qty (stckpg unit);Description;Ref doc;RefItm;U;PckID;MvT;RqTy;PlTyp;MTyp;Preceding document has resulted from ref;Tot;Av;BusA;SOff;SGrp;DChl;Dv;S;Chngd on;MG 2;MG 3;MG 4;MG 5;DocCa;COAr;Profit Ctr;ReqCl;Credit active;Configuration;Usage;per;UoM;Net price;Net value;Mvt;MatFrtGp;Stag Time;Spec Stk Valuation;Spec Stock No;Current quantity;Qty in OPUn;Sales Value;Credit price;Not relevant for WMS
10000;10;pw15;Lawrence.Phillip;01:00:00;2128-01-10;000000000056094238;000000000068349350;058193;;0003;;410712731797;425,200;M3;M3;977,960;977,960;TO;0,000;4;4;2014-05-15;;hid what headphones is trying suspense;3405001;20;;;;;;;;;;9495;;;;30;;2242-02-05;;;;B00;C;;0518971956;047;X;5982383;B0B;1;M3;143,98;45.780,25;;;;;;;;;;
10001;20;yp17;Williamson.Jerry;01:00:00;2014-02-05;000000000059835141;000000000074212066;055359;;;;253387874005;464,200;TO;TO;464,200;464,200;TO;0,000;8;8;2014-05-15;;on it good numbers sidekick while;3405001;70;;;;;;;;;;7876;;;;30;;2128-01-29;;B00;;B00;C;;0604864191;061;X;4345067;B0B;1;TO;84,33;76.300,42;;;;;;;;;;
10000;30;ib20;Cote.Joseph;01:00:00;2014-02-08;000000000074343574;000000000079549185;048320;;;;253387874005;225,700;KG;KG;225,700;225,700;KG;0,000;0;0;2014-05-15;;red demanded sits took sits to;3405001;80;;;;;;;;;;7876;;;;0;;2128-01-06;;B00;;B04;C;;0604864191;061;X;9698813;B0B;1;KG;230,99;76.300,42;;;;;;;;;;
10000;40;ib20;Singleton.Ernest;01:00:00;2014-02-02;000000000074343574;000000000079549185;048320;;;;253387874005;128,140;KG;KG;128,140;128,140;KG;0,000;0;0;2014-05-15;;red demanded sits took sits to;3405001;80;;;;;;;;;;7876;;;;0;;2127-12-27;;B00;;B04;C;;0604864191;036;X;7220700;B0B;1;KG;230,99;76.300,42;;;;;;;;;;
10000;50;ib20;Ballard.Rocky;01:00:00;2014-02-06;000000000074343574;000000000079549185;048320;;;;253387874005;487,570;MIN;MIN;0,000;0,000;TO;0,000;-4;-4;2013-04-18;;red demanded sits took sits to;3405002;100;;;;;;;;;;7302;;;;30;;2128-02-08;;B21;;B32;C;;0215867472;036;X;2610497;B0B;60;MIN;24,71;80.734,42;;;;;;;;;;
10000;60;ib20;Ballard.Rocky;01:00:00;2014-02-12;000000000074343574;000000000079549185;048320;;;;253387874005;325,020;MIN;MIN;0,000;0,000;TO;0,000;0;0;2013-04-18;;red demanded sits took sits to;3405002;110;;;;;;;;;;7302;;;;50;;2128-01-30;B13;;;B68;C;;0215867472;053;X;2610497;B0B;60;MIN;-33,12;80.734,42;;;;;;;;;;
10000;70;ib20;Singleton.Ernest;01:00:00;2014-02-08;000000000074343574;000000000079549185;048320;;;;253387874005;295,740;MIN;MIN;0,000;0,000;TO;0,000;0;0;2013-04-18;;red demanded sits took sits to;3405002;110;;;;;;;;;;7302;;;;50;;2128-02-04;B13;;;B68;C;;0215867472;035;X;8511352;B0B;60;MIN;-33,12;29.871,74;;;;;;;;;;
10000;80;ib20;Hogan.Gary;01:00:00;2014-02-02;000000000074343574;000000000079549185;048320;;;;253387874005;390,640;MIN;MIN;0,000;0,000;TO;0,000;0;0;2013-04-18;;red demanded sits took sits to;3405002;110;;;;;;;;;;7302;;;;50;;2128-01-27;B13;;;B68;C;;0215867472;096;X;8511352;B0B;60;MIN;-33,12;54.092,06;;;;;;;;;;
10000;90;ib20;Holt.Troy;01:00:00;2014-02-06;000000000074343574;000000000079549185;048320;;;;253387874005;184,400;M3;M3;424,120;424,120;TO;0,000;4;4;2013-04-18;;red demanded sits took sits to;3405002;130;;;;;;;;;;2370;;;;50;;2127-12-10;;;;B59;C;;0255962953;096;X;8511352;B0B;1;M3;-1,23;80.734,42;;;;;;;;;;
10000;100;ap07;Cunningham.Autumn;01:00:00;2014-02-02;000000000041420588;000000000067235933;007478;;;;913464870535;543,400;KG;KG;0,543;0,543;TO;0,000;-3;-3;2013-04-18;;world discovered boon in hot the;3405002;150;;;;;;;;;;4478;;;;50;;2127-12-02;;;;B64;C;;0623147794;013;X;8511352;B0B;1;KG;-126,29;80.734,42;;;;;;;;;;
10000;110;ap07;Wolfe.Abby;01:00:00;2014-02-02;000000000041420588;000000000067235933;007478;;;;913464870535;486,460;KG;KG;0,486;0,486;TO;0,000;-3;-3;2013-04-18;;world discovered boon in hot the;3405002;150;;;;;;;;;;4478;;;;50;;2128-01-12;;;;B64;C;;0623147794;013;X;8511352;B0B;1;KG;-126,29;80.734,42;;;;;;;;;;
10000;120;we17;Prince.Molly;01:00:00;2014-02-07;000000000062305357;000000000069452866;004946;;;;384071289184;411,140;M3;M3;0,411;0,411;KG;0,000;1;1;2015-04-27;;died through throw others what;3405003;170;;;;;;;;;;4478;;;;80;;2127-12-25;;;;B12;C;;0255862633;013;X;2402937;B0B;1;M3;168,30;95.733,90;;;;;;;;;;
10000;130;we17;Osborne.Faith;01:00:00;2014-02-06;000000000062305357;000000000069452866;004946;;;;384071289184;459,000;M3;M3;0,459;0,459;KG;0,000;1;1;2015-04-27;;died through throw others what;3405003;170;;;;;;;;;;4478;;;;80;;2128-03-06;;;;B12;C;;0255862633;019;X;6264905;B0B;1;M3;168,30;95.733,90;;;;;;;;;;
10000;140;we17;Blanchard.Jody;01:00:00;2014-02-08;000000000062305357;000000000069452866;004946;;;;384071289184;500,300;M3;M3;0,500;0,500;KG;0,000;1;1;2015-04-27;;died through throw others what;3405003;170;;;;;;;;;;4478;;;;80;;2128-01-31;;;;B12;C;;0255862633;026;X;7297518;B0B;1;M3;168,30;95.733,90;;;;;;;;;;
10000;150;ju58;Foreman.Virginia;01:00:00;2014-02-02;000000000018397898;000000000062040606;055407;;;;384071289184;294,510;KG;KG;294,510;294,510;KG;0,000;-3;-3;2015-04-27;;probably pique red leader days;3405003;180;;;;;;;;;;9905;;;;20;;2128-01-11;;;;B40;C;;0003836493;039;X;7297518;B0B;1;KG;20,99;77.544,46;;;;;;;;;;
10000;160;ju58;Thomas.Jill;01:00:00;2014-02-17;000000000018397898;000000000062040606;055407;;;;384071289184;277,000;KG;KG;277,000;277,000;KG;0,000;-3;-3;2015-04-27;;probably pique red leader days;3405003;180;;;;;;;;;;9905;;;;20;;2128-01-02;;;;B40;C;;0003836493;039;X;8774607;B0B;1;KG;20,99;95.733,90;;;;;;;;;;
10000;170;zf64;Ayala.Debra;01:00:00;2014-02-03;000000000076443110;000000000073623171;040459;;;;384071289184;392,400;M3;M3;902,520;902,520;TO;0,000;-6;-6;2014-09-29;;wicket light in end out as much;3405004;190;;;;;;;;;;3175;;;;10;;2128-01-09;;;B27;B40;C;;0201346319;023;X;8774607;B0B;1;M3;59,97;120.304,40;;;;;;;;;;
10000;180;zf64;Baker.Dawn;01:00:00;2014-02-02;000000000076443110;000000000073623171;040459;;;;384071289184;339,440;M3;M3;780,712;780,712;TO;0,000;-6;-6;2014-09-29;;wicket light in end out as much;3405004;190;;;;;;;;;;3175;;;;10;;2128-02-10;;;B27;B40;C;;0201346319;023;X;4497261;B0B;1;M3;59,97;67.370,46;;;;;;;;;;
10000;190;mc54;Guy.Derrick;01:00:00;2014-02-05;000000000045524827;000000000062887682;027959;;;;384071289184;318,350;KG;KG;318,350;318,350;KG;0,000;-9;-9;2014-09-29;;people always numbers headphones;3405004;200;;;;;;;;;;5656;;;;10;;2128-04-01;;;;B40;C;;0986319638;076;X;5285017;B0B;1;KG;119,77;120.304,40;;;;;;;;;;
10000;200;mc54;Sosa.Sara;01:00:00;2014-02-08;000000000045524827;000000000062887682;027959;;;;384071289184;360,200;KG;KG;360,200;360,200;KG;0,000;-9;-9;2014-09-29;;people always numbers headphones;3405004;200;;;;;;;;;;5656;;;;10;;2127-11-30;;;;B40;C;;0986319638;095;X;5285017;B0B;1;KG;119,77;120.304,40;;;;;;;;;;
10000;210;ob06;Nunez.Hunter;01:00:00;2014-02-03;000000000038504951;000000000069925284;031404;;;;384071289184;162,980;KG;KG;0,163;0,163;TO;0,000;5;5;2015-12-27;;boon rabbit with took ill numbers;3405005;210;;;;;;;;;;2869;;;;10;;2128-01-04;;;;B40;C;;0604864191;013;X;9806184;B0B;1;KG;169,52;81.605,05;;;;;;;;;;
10000;220;ob06;Holcomb.Hunter;01:00:00;2014-02-07;000000000038504951;000000000069925284;031404;;;;332923694652;398,540;MIN;MIN;0,399;0,399;KG;0,000;0;0;2013-03-30;;boon rabbit with took ill numbers;3405006;230;;;;;;;;;;4848;;;;0;;2128-01-01;;;;B04;C;;0374717676;020;X;9806184;B0B;60;MIN;8,02;45,84;;;;;;;;;;
10000;230;ob06;Salas.Kay;01:00:00;2014-02-09;000000000038504951;000000000069925284;031404;;;;332923694652;466,200;MIN;MIN;0,466;0,466;KG;0,000;0;0;2013-03-30;;boon rabbit with took ill numbers;3405006;230;;;;;;;;;;4848;;;;0;;2127-12-05;;;;B04;C;;0374717676;011;X;8737709;B0B;60;MIN;8,02;45,84;;;;;;;;;;
10000;240;ob06;Blevins.Devin;01:00:00;2014-02-08;000000000038504951;000000000069925284;031404;;;;818899125005;389,800;KG;KG;0,390;0,390;TO;0,000;-5;-5;2013-03-30;;boon rabbit with took ill numbers;3405006;240;;;;;;;;;;1381;;;;10;;2128-12-29;;B00;;B59;C;;0451115768;011;X;1594474;B0B;1;KG;30,63;30,25;;;;;;;;;;
10000;250;ob06;Sykes.Jenna;01:00:00;2014-02-04;000000000038504951;000000000069925284;031404;;;;552757810274;336,510;KG;KG;0,337;0,337;TO;0,000;-9;-9;2013-03-30;;boon rabbit with took ill numbers;3405006;250;;;;;;;;;;1381;;;;60;;2127-12-09;B13;;;B77;C;;0451115768;08;X;1594474;B0B;1;KG;43,17;45,84;;;;;;;;;;
10000;260;ob06;Sykes.Jenna;01:00:00;2014-02-10;000000000038504951;000000000069925284;031404;;;;552757810274;282,250;KG;KG;0,282;0,282;TO;0,000;-9;-9;2013-03-30;;boon rabbit with took ill numbers;3405006;250;;;;;;;;;;1381;;;;60;;2127-12-14;B13;;;B77;C;;0451115768;08;X;1594474;B0B;1;KG;43,17;12,84;;;;;;;;;;
10000;270;mc54;Travis.Nancy;01:00:00;2014-02-07;000000000045524827;000000000062887682;027959;;;;214615654143;334,190;MIN;MIN;0,334;0,334;KG;0,000;6;6;2013-03-30;;people always numbers headphones;3405006;270;;;;;;;;;;4079;;;;10;;2127-12-21;B13;;;B68;C;;0998328941;08;X;3214628;B0B;60;MIN;15,34;45,84;;;;;;;;;;
10000;280;mc54;Cantrell.Don;01:00:00;2014-02-06;000000000045524827;000000000062887682;027959;;;;214615654143;343,700;MIN;MIN;0,344;0,344;KG;0,000;6;6;2013-03-30;;people always numbers headphones;3405006;270;;;;;;;;;;4079;;;;10;;2128-01-24;B13;;;B68;C;;0998328941;011;X;4092003;B0B;60;MIN;4,91;45,84;;;;;;;;;;
10000;290;mc54;Price.Tristan;01:00:00;2014-02-10;000000000045524827;000000000062887682;027959;;;;214615654143;343,700;MIN;MIN;0,344;0,344;KG;0,000;6;6;2013-03-30;;people always numbers headphones;3405006;270;;;;;;;;;;4079;;;;10;;2128-02-16;B13;;;B68;C;;0998328941;023;X;6764522;B0B;60;MIN;15,34;45,84;;;;;;;;;;
10000;300;yp17;Terrell.Kenny;01:00:00;2014-02-02;000000000059835141;000000000074212066;055359;;;;330466772787;430,100;TO;TO;430.100,000;430.100,000;KG;0,000;-7;-7;2013-03-30;;on it good numbers sidekick while;3405006;300;;;;;;;;;;4659;;;;0;;2128-02-10;;;;B59;C;;0156707857;07;X;6764522;B0B;1;TO;119,85;45,84;;;;;;;;;;
10000;310;yp17;McCall.Don;01:00:00;2014-02-09;000000000059835141;000000000074212066;055359;;;;330466772787;360,290;TO;TO;360.290,000;360.290,000;KG;0,000;-7;-7;2013-03-30;;on it good numbers sidekick while;3405006;300;;;;;;;;;;4659;;;;0;;2128-01-24;;;;B59;C;;0156707857;036;X;2509485;B0B;1;TO;119,85;45,84;;;;;;;;;;
10000;320;tm33;Giles.Ian;01:00:00;2014-02-16;000000000066737727;000000000061955676;031016;;;;330466772787;334,000;TO;TO;334,000;334,000;TO;0,000;3;3;2013-03-30;;this do asked else island monster;3405006;320;;;;;;;;;;5678;;;;50;;2128-01-04;;;;B00;C;;0708631268;09;X;2647571;B0B;1;TO;26,69;17,42;;;;;;;;;;
10000;330;tm33;Hendrix.Albert;01:00:00;2014-02-02;000000000066737727;000000000061955676;031016;;;;330466772787;334,000;TO;TO;334,000;334,000;TO;0,000;3;3;2013-03-30;;this do asked else island monster;3405006;320;;;;;;;;;;5678;;;;50;;2127-11-09;;;;B00;C;;0708631268;09;X;2647571;B0B;1;TO;36,56;45,84;;;;;;;;;;
10000;340;pc46;Lee.Grace;01:00:00;2014-02-10;000000000011884370;000000000072358060;087150;;;;330466772787;245,370;MIN;MIN;0,000;0,000;TO;0,000;-5;-5;2014-01-27;;it while hold wicket crash red;3405007;340;;;;;;;;;;9247;;;;50;;2128-04-23;;;;B50;C;;0156707857;09;X;468564;B0B;60;MIN;8,97;116.504,70;;;;;;;;;;
10000;350;pc46;Nunez.Hunter;01:00:00;2014-02-02;000000000011884370;000000000072358060;087150;;;;330466772787;183,090;MIN;MIN;0,000;0,000;TO;0,000;-5;-5;2014-01-27;;it while hold wicket crash red;3405007;340;;;;;;;;;;9247;;;;50;;2127-12-26;;;;B50;C;;0156707857;062;X;6267409;B0B;60;MIN;40,76;116.504,70;;;;;;;;;;
10000;360;hc89;Avila.Janet;01:00:00;2014-02-02;000000000021155450;;088012;;;;330466772787;387,100;M3;M3;0,387;0,387;KG;0,000;2;2;2014-01-27;;in leader it visions of others;3405007;350;;;;;;;;;;9060;;;;10;;2127-12-12;;;;B50;C;;0779976370;081;X;6267409;B0B;1;M3;-67,66;47.766,93;;;;;;;;;;
10000;370;hc89;Decker.Dean;01:00:00;2014-02-09;000000000021155450;;088012;;;;330466772787;292,040;M3;M3;0,292;0,292;KG;0,000;2;2;2014-01-27;;in leader it visions of others;3405007;350;;;;;;;;;;9060;;;;10;;2127-11-05;;;;B50;C;;0779976370;07;X;6267409;B0B;1;M3;-67,66;116.504,70;;;;;;;;;;
10000;380;mc54;Hopper.Angel;01:00:00;2014-02-04;000000000045524827;000000000062887682;027959;;;;349794109476;254,090;MIN;MIN;0,000;0,000;TO;0,000;6;6;2014-01-27;;people always numbers headphones;3405007;390;;;;;;;;;;8799;;;;60;;2128-02-10;B92;;;B15;C;;0642120006;073;X;1776643;B0B;60;MIN;42,02;116.504,70;;;;;;;;;;
10000;390;mc54;Doyle.Albert;01:00:00;2014-02-03;000000000045524827;000000000062887682;027959;;;;349794109476;296,290;MIN;MIN;0,000;0,000;TO;0,000;6;6;2014-01-27;;people always numbers headphones;3405007;390;;;;;;;;;;8799;;;;60;;2128-02-01;B92;;;B15;C;;0642120006;067;X;518322;B0B;60;MIN;42,02;103.689,18;;;;;;;;;;
10000;400;mc54;Doyle.Albert;01:00:00;2014-02-13;000000000045524827;000000000062887682;027959;;;;527932973260;227,870;MIN;MIN;0,000;0,000;TO;0,000;4;4;2014-01-27;;people always numbers headphones;3405007;400;;;;;;;;;;6772;;;;40;;2128-02-03;B92;;;B64;C;;0642120006;067;X;77912;B0B;60;MIN;22,88;116.504,70;;;;;;;;;;
10000;410;mc54;Holcomb.Hunter;01:00:00;2014-02-02;000000000045524827;000000000062887682;027959;;;;527932973260;211,750;MIN;MIN;0,000;0,000;TO;0,000;4;4;2014-01-27;;people always numbers headphones;3405007;400;;;;;;;;;;6772;;;;40;;2128-01-01;B92;;;B64;C;;0642120006;067;X;3419871;B0B;60;MIN;22,88;116.504,70;;;;;;;;;;
10000;420;mc54;Gray.Michael;01:00:00;2014-02-02;000000000045524827;000000000062887682;027959;;;;527932973260;279,380;MIN;MIN;0,000;0,000;TO;0,000;4;4;2014-01-27;;people always numbers headphones;3405007;400;;;;;;;;;;6772;;;;40;;2127-12-11;B92;;;B64;C;;0642120006;048;X;3419871;B0B;60;MIN;22,88;116.504,70;;;;;;;;;;
10000;430;mc54;Ratliff.Ken;01:00:00;2014-02-07;000000000045524827;000000000062887682;027959;;;;527932973260;244,730;MIN;MIN;0,000;0,000;TO;0,000;4;4;2014-01-27;;people always numbers headphones;3405007;400;;;;;;;;;;6772;;;;40;;2128-03-04;B92;;;B64;C;;0642120006;048;X;3419871;B0B;60;MIN;22,88;116.504,70;;;;;;;;;;
10000;440;fg49;Foreman.Andrea;01:00:00;2014-02-08;000000000015163120;000000000071137878;069518;;;;527932973260;333,000;TO;TO;333,000;333,000;TO;0,000;3;3;2014-01-27;;sill ship to magnetic hold with;3405007;410;;;;;;;;;;7579;;;;50;;2127-12-25;B40;;;B12;C;;0208025476;02;X;3419871;B0B;1;TO;69,28;78.058,15;;;;;;;;;;
10000;450;fg49;Delaney.Walter;01:00:00;2014-02-02;000000000015163120;000000000071137878;069518;;;;527932973260;242,330;TO;TO;242,330;242,330;TO;0,000;3;3;2014-01-27;;sill ship to magnetic hold with;3405007;410;;;;;;;;;;7579;;;;50;;2127-12-01;B40;;;B12;C;;0208025476;02;X;3419871;B0B;1;TO;33,25;116.504,70;;;;;;;;;;
10000;460;fg49;Delaney.Walter;01:00:00;2014-02-14;000000000015163120;000000000071137878;069518;;;;527932973260;333,000;TO;TO;333,000;333,000;TO;0,000;3;3;2014-01-27;;sill ship to magnetic hold with;3405007;410;;;;;;;;;;7579;;;;50;;2128-01-13;B40;;;B12;C;;0208025476;085;X;3419871;B0B;1;TO;69,28;116.504,70;;;;;;;;;;
10000;470;qm77;Walters.Sandra;01:00:00;2014-02-02;000000000048226755;000000000072373826;034399;;;;716175210103;400,110;KG;KG;0,400;0,400;TO;0,000;-2;-2;2015-01-26;;to open ending white numbers something;3405008;460;;;;;;;;;;7037;;;;80;;2128-01-26;B24;B54;B41;B50;C;;0374717676;085;X;9487847;B0B;1;KG;6,28;91.581,79;;;;;;;;;;
10000;480;qm77;Lopez.Greg;01:00:00;2014-02-05;000000000048226755;000000000072373826;034399;;;;716175210103;427,130;KG;KG;0,427;0,427;TO;0,000;-2;-2;2015-01-26;;to open ending white numbers something;3405008;460;;;;;;;;;;7037;;;;80;;2128-12-31;B24;B54;B41;B50;C;;0374717676;042;X;8487333;B0B;1;KG;6,28;25.642,90;;;;;;;;;;
10000;490;qm77;Hancock.Kim;01:00:00;2014-02-03;000000000048226755;000000000072373826;034399;;;;716175210103;420,100;KG;KG;0,420;0,420;TO;0,000;-2;-2;2015-01-26;;to open ending white numbers something;3405008;460;;;;;;;;;;7037;;;;80;;2127-12-24;B24;B54;B41;B50;C;;0374717676;042;X;8487333;B0B;1;KG;6,28;91.581,79;;;;;;;;;;
10000;500;qm77;Whitfield.Randall;01:00:00;2014-02-02;000000000048226755;000000000072373826;034399;;;;512579418260;534,100;KG;KG;534,100;534,100;KG;0,000;-3;-3;2015-01-26;;to open ending white numbers something;3405008;470;;;;;;;;;;4787;;;;80;;2128-02-20;;;;B26;C;;0535286435;04;X;3039315;B0B;1;KG;-92,69;91.581,79;;;;;;;;;;
10000;510;kr31;Cunningham.Autumn;01:00:00;2014-02-07;000000000018350089;000000000079430779;060502;;;;512579418260;213,430;KG;KG;0,213;0,213;TO;0,000;3;3;2015-11-09;;found many to library where books;3405010;490;;;;;;;;;;8895;;;;70;;2128-03-04;;;;B24;C;;0779976370;022;X;1442705;B0B;1;KG;14,94;65.872,89;;;;;;;;;;
10000;520;kr31;Cunningham.Autumn;01:00:00;2014-02-06;000000000018350089;000000000079430779;060502;;;;775533704756;306,800;KG;KG;306,800;306,800;KG;0,000;-3;-3;2015-11-09;;found many to library where books;3405010;510;;;;;;;;;;1224;;;;30;;2128-01-18;;;;B26;C;;0673477643;074;X;6678709;B0B;1;KG;-78,82;84.452,42;;;;;;;;;;
10000;530;sr42;Cunningham.Autumn;01:00:00;2014-02-06;000000000027513574;000000000065363869;037074;;;;585279927637;351,200;M3;M3;807,760;807,760;TO;0,000;0;0;2013-08-21;;should out are ill constantly captain;3405011;530;;;;;;;;;;2156;;;;50;;2127-12-18;;;;B81;C;;0604864191;074;X;1351786;B0B;1;M3;23,72;91.642,52;;;;;;;;;;
10000;540;ua33;Cunningham.Autumn;01:00:00;2014-02-07;000000000012769341;000000000069356124;027257;;;;585279927637;295,350;KG;KG;295,350;295,350;KG;0,000;9;9;2013-08-21;;good so much are hid should who;3405011;540;;;;;;;;;;7561;;;;60;;2127-12-03;;;B27;B81;C;;0604864191;089;X;1351786;B0B;1;KG;-28,73;17.412,08;;;;;;;;;;
10000;550;ch18;Huffman.Lee;01:00:00;2014-02-05;000000000064624984;000000000072228068;065393;;;;585279927637;465,830;TO;TO;465,830;465,830;TO;0,000;3;3;2013-08-21;;days computer keys to dad assert;3405011;550;;;;;;;;;;1011;;;;80;;2128-03-01;;;B27;B04;C;;0255862633;010;X;1351786;B0B;1;TO;40,84;91.642,52;;;;;;;;;;
10000;560;ql79;Hogan.Gary;01:00:00;2014-02-05;000000000024915066;000000000073134226;072911;;;;085552033775;335,500;TO;TO;335,500;335,500;TO;0,000;-1;-1;2015-06-04;;in it's asked speed lock constantly;3405012;610;;;;;;;;;;4970;;;;30;;2128-01-26;B92;;;B85;C;;0623147794;063;X;5380384;B0B;1;TO;64,10;105.411,50;;;;;;;;;;
10000;570;ql79;Herrera.Gloria;01:00:00;2014-02-10;000000000024915066;000000000073134226;072911;;;;085552033775;357,670;TO;TO;357,670;357,670;TO;0,000;-1;-1;2015-06-04;;in it's asked speed lock constantly;3405012;610;;;;;;;;;;4970;;;;30;;2127-11-26;B92;;;B85;C;;0623147794;063;X;2043389;B0B;1;TO;21,79;105.411,50;;;;;;;;;;
10000;580;rn67;Palmer.Ellen;01:00:00;2014-02-13;000000000046280544;000000000067193103;045973;;;;085552033775;389,100;M3;M3;0,389;0,389;KG;0,000;3;3;2015-06-04;;will to white else I end handled;3405012;620;;;;;;;;;;5930;;;;30;;2128-01-27;B92;;;B64;C;;0623147794;040;X;2479501;B0B;1;M3;-4,48;90.653,89;;;;;;;;;;
10000;590;tz91;Rosa.Dean;01:00:00;2014-02-02;000000000061594021;000000000077956907;048986;;;;493791972894;384,950;TO;TO;384,950;384,950;TO;0,000;7;7;2015-06-04;;captain while sacrifice smoke are;3405012;640;;;;;;;;;;8277;;;;0;;2128-02-22;B92;;;B30;C;;0003836493;049;X;6496592;B0B;1;TO;118,52;105.411,50;;;;;;;;;;
10000;600;tz91;McCall.Don;01:00:00;2014-02-09;000000000061594021;000000000077956907;048986;;;;493791972894;421,600;TO;TO;421,600;421,600;TO;0,000;7;7;2015-06-04;;captain while sacrifice smoke are;3405012;640;;;;;;;;;;8277;;;;0;;2128-01-09;B92;;;B30;C;;0003836493;049;X;5631413;B0B;1;TO;118,52;105.411,50;;;;;;;;;;
10000;610;yp85;Lawrence.Phillip;01:00:00;2014-02-16;000000000061564741;000000000074843614;063302;;;;602176504412;316,150;M3;M3;727,145;727,145;TO;0,000;0;0;2015-07-17;;to sill world should hat are end;3405013;650;;;;;;;;;;8277;;;;0;;2128-03-14;B62;;;B30;C;;0113740853;07;X;240324;B0B;1;M3;120,23;113.581,96;;;;;;;;;;
10000;620;yp17;Delaney.Walter;01:00:00;2014-02-07;000000000059835141;000000000074212066;055359;;;;330197787025;492,000;M3;M3;0,492;0,492;KG;0,000;-1;-1;2015-07-17;;on it good numbers sidekick while;3405013;720;;;;;;;;;;9538;;;;70;;2128-01-15;B00;;;B43;C;;0468263756;040;X;240324;B0B;1;M3;-25,11;113.581,96;;;;;;;;;;
10000;630;yp17;Bird.Kaylee;01:00:00;2014-02-04;000000000059835141;000000000074212066;055359;;;;330197787025;492,000;M3;M3;0,492;0,492;KG;0,000;-1;-1;2015-07-17;;on it good numbers sidekick while;3405013;720;;;;;;;;;;9538;;;;70;;2127-12-14;B00;;;B43;C;;0468263756;072;X;240324;B0B;1;M3;-62,77;113.581,96;;;;;;;;;;
10000;640;yp17;Gardner.Norma;01:00:00;2014-02-04;000000000059835141;000000000074212066;055359;;;;330197787025;492,000;M3;M3;0,492;0,492;KG;0,000;-1;-1;2015-07-17;;on it good numbers sidekick while;3405013;720;;;;;;;;;;9538;;;;70;;2128-01-19;B00;;;B43;C;;0468263756;072;X;5665;B0B;1;M3;-36,19;113.581,96;;;;;;;;;;
10000;650;pc46;McCormick.Dean;01:00:00;2014-02-03;000000000011884370;000000000072358060;087150;;;;725809639661;404,460;MIN;MIN;0,404;0,404;KG;0,000;0;0;2015-07-17;;it while hold wicket crash red;3405013;740;;;;;;;;;;1624;;;;50;;2128-03-01;;;;B61;C;;0986319638;072;X;8002996;B0B;60;MIN;198,89;113.581,96;;;;;;;;;;
10000;660;pc46;Mendez.Douglas;01:00:00;2014-02-02;000000000011884370;000000000072358060;087150;;;;725809639661;308,400;MIN;MIN;0,308;0,308;KG;0,000;0;0;2015-07-17;;it while hold wicket crash red;3405013;740;;;;;;;;;;1624;;;;50;;2128-01-31;;;;B61;C;;0986319638;029;X;8002996;B0B;60;MIN;198,89;113.581,96;;;;;;;;;;
10000;670;zf64;Dillard.Brandy;01:00:00;2014-02-02;000000000076443110;000000000073623171;040459;;;;725809639661;375,280;MIN;MIN;0,000;0,000;TO;0,000;0;0;2013-12-10;;wicket light in end out as much;3405014;750;;;;;;;;;;1624;;;;50;;2128-02-06;;B84;;B61;C;;0623147794;054;X;8002996;B0B;60;MIN;46,12;114.665,87;;;;;;;;;;
10000;680;zf64;Huffman.Leroy;01:00:00;2014-02-02;000000000076443110;000000000073623171;040459;;;;725809639661;382,820;MIN;MIN;0,000;0,000;TO;0,000;0;0;2013-12-10;;wicket light in end out as much;3405014;750;;;;;;;;;;1624;;;;50;;2127-12-26;;B84;;B61;C;;0623147794;054;X;8002996;B0B;60;MIN;40,28;76.826,13;;;;;;;;;;
10000;690;tm33;Vaughn.Morgan;01:00:00;2014-02-08;000000000066737727;000000000061955676;031016;;;;725809639661;463,120;MIN;MIN;0,000;0,000;TO;0,000;3;3;2013-12-10;;this do asked else island monster;3405014;760;;;;;;;;;;9734;;;;10;;2127-12-26;B40;;;B61;C;;0623147794;054;X;8734318;B0B;60;MIN;68,72;114.665,87;;;;;;;;;;
10000;700;br27;Gardner.Norma;01:00:00;2014-02-05;000000000066749471;000000000068495698;053199;;;;725809639661;402,000;TO;TO;402,000;402,000;TO;0,000;5;5;2013-12-10;;with are out came my many with;3405014;770;;;;;;;;;;3962;;;;50;;2128-02-28;;;;B68;C;;0998328941;054;X;7400219;B0B;1;TO;4,67;96.319,33;;;;;;;;;;
10000;710;br27;Avery.Wendy;01:00:00;2014-02-04;000000000066749471;000000000068495698;053199;;;;725809639661;350,270;TO;TO;350,270;350,270;TO;0,000;5;5;2013-12-10;;with are out came my many with;3405014;770;;;;;;;;;;3962;;;;50;;2128-02-04;;;;B68;C;;0998328941;054;X;5813339;B0B;1;TO;4,67;114.665,87;;;;;;;;;;
10000;720;br27;Kirby.Jan;01:00:00;2014-02-02;000000000066749471;000000000068495698;053199;;;;725809639661;402,000;TO;TO;402,000;402,000;TO;0,000;5;5;2013-12-10;;with are out came my many with;3405014;770;;;;;;;;;;3962;;;;50;;2128-01-11;;;;B68;C;;0998328941;054;X;5813339;B0B;1;TO;4,67;114.665,87;;;;;;;;;;
10000;730;br27;Kirby.Jan;01:00:00;2014-02-07;000000000066749471;000000000068495698;053199;;;;725809639661;350,230;TO;TO;350,230;350,230;TO;0,000;5;5;2013-12-10;;with are out came my many with;3405014;770;;;;;;;;;;3962;;;;50;;2127-12-14;;;;B68;C;;0998328941;080;X;5813339;B0B;1;TO;4,67;114.665,87;;;;;;;;;;
10000;740;br27;Whitfield.Randall;01:00:00;2014-02-08;000000000066749471;000000000068495698;053199;;;;725809639661;453,400;KG;KG;0,453;0,453;TO;0,000;3;3;2014-10-31;;with are out came my many with;3405015;790;;;;;;;;;;1198;;;;10;;2128-02-14;B73;;;B29;C;;0673477643;020;X;5813339;B0B;1;KG;-28,28;90.142,14;;;;;;;;;;
10000;750;ya02;Rosa.Alan;01:00:00;2014-02-09;000000000046134954;000000000079863444;017146;;;;980743020602;547,400;MIN;MIN;0,001;0,001;TO;0,000;1;1;2014-10-31;;lock pull through they hatch waited;3405015;860;;;;;;;;;;9158;;;;70;;2128-01-18;B24;B68;;B01;C;;0079378463;020;X;9599296;B0B;60;MIN;68,98;112.677,67;;;;;;;;;;
10000;760;ya02;Acosta.Bryan;01:00:00;2014-02-17;000000000046134954;000000000079863444;017146;;;;980743020602;547,400;MIN;MIN;0,001;0,001;TO;0,000;1;1;2014-10-31;;lock pull through they hatch waited;3405015;860;;;;;;;;;;9158;;;;70;;2128-01-24;B24;B68;;B01;C;;0079378463;020;X;7665297;B0B;60;MIN;68,98;112.677,67;;;;;;;;;;
10000;770;ya02;Sellers.Marlene;01:00:00;2014-02-02;000000000046134954;000000000079863444;017146;;;;980743020602;258,820;MIN;MIN;0,259;0,259;KG;0,000;7;7;2014-10-31;;lock pull through they hatch waited;3405015;870;;;;;;;;;;4269;;;;70;;2128-02-16;B24;;;B65;C;;0281544267;020;X;7665297;B0B;60;MIN;39,90;43.944,29;;;;;;;;;;
10000;780;ya02;Haney.Rachel;01:00:00;2014-02-03;000000000046134954;000000000079863444;017146;;;;980743020602;165,160;KG;KG;0,165;0,165;TO;0,000;-2;-2;2014-10-31;;lock pull through they hatch waited;3405015;880;;;;;;;;;;4373;;;;70;;2128-01-07;B24;B21;;B65;C;;0998328941;01;X;7665297;B0B;1;KG;91,91;112.677,67;;;;;;;;;;
10000;790;ya02;Wolfe.Abby;01:00:00;2014-02-07;000000000046134954;000000000079863444;017146;;;;980743020602;161,230;KG;KG;0,161;0,161;TO;0,000;-2;-2;2014-10-31;;lock pull through they hatch waited;3405015;880;;;;;;;;;;4373;;;;70;;2128-02-11;B24;B21;;B65;C;;0998328941;021;X;7665297;B0B;1;KG;91,91;112.677,67;;;;;;;;;;
10000;800;ya02;Miller.Norma;01:00:00;2014-02-07;000000000046134954;000000000079863444;017146;;;;980743020602;151,760;KG;KG;0,152;0,152;TO;0,000;-2;-2;2014-10-31;;lock pull through they hatch waited;3405015;880;;;;;;;;;;4373;;;;70;;2128-01-07;B24;B21;;B65;C;;0998328941;021;X;7460048;B0B;1;KG;15,62;28.169,42;;;;;;;;;;
10000;810;oc85;Castro.Max;01:00:00;2014-02-03;000000000030805764;000000000073140120;007006;;;;083355673885;537,590;KG;KG;0,538;0,538;TO;0,000;5;5;2014-01-31;;have while automatically man pull;3405018;910;;;;;;;;;;4947;;;;30;;2128-03-14;;B00;;B28;C;;0017458558;021;X;9478385;B0B;1;KG;97,42;114.781,52;;;;;;;;;;
10000;820;oc85;Castro.Max;01:00:00;2014-02-08;000000000030805764;000000000073140120;007006;;;;066666256315;288,110;KG;KG;0,288;0,288;TO;0,000;-2;-2;2014-01-31;;have while automatically man pull;3405018;920;;;;;;;;;;7897;;;;10;;2128-01-08;;B00;;B28;C;;0604864191;06;X;8065220;B0B;1;KG;-1,83;114.781,52;;;;;;;;;;
10000;830;vq87;Rice.Barb;01:00:00;2014-02-13;000000000024232920;000000000064015901;013965;;;;066666256315;395,360;TO;TO;395,360;395,360;TO;0,000;7;7;2014-01-31;;from have banging fire are out;3405018;940;;;;;;;;;;1154;;;;60;;2128-01-08;;;;B28;C;;0779976370;06;X;7686235;B0B;1;TO;-3,38;114.781,52;;;;;;;;;;
10000;840;vq87;Ratliff.Ken;01:00:00;2014-02-05;000000000024232920;000000000064015901;013965;;;;066666256315;481,900;TO;TO;481,900;481,900;TO;0,000;7;7;2014-01-31;;from have banging fire are out;3405018;940;;;;;;;;;;1154;;;;60;;2128-02-10;;;;B28;C;;0779976370;027;X;7686235;B0B;1;TO;-6,04;49.356,05;;;;;;;;;;
10000;850;vq87;Wilder.Brett;01:00:00;2014-02-10;000000000024232920;000000000064015901;013965;;;;066666256315;481,900;TO;TO;481,900;481,900;TO;0,000;7;7;2014-01-31;;from have banging fire are out;3405018;940;;;;;;;;;;1154;;;;60;;2128-02-27;;;;B28;C;;0779976370;012;X;7686235;B0B;1;TO;-6,04;114.781,52;;;;;;;;;;
10000;860;ob06;Grant.Melinda;01:00:00;2014-02-02;000000000038504951;000000000069925284;031404;;;;304127261766;239,400;KG;KG;0,239;0,239;TO;0,000;-6;-6;2013-11-20;;boon rabbit with took ill numbers;3405019;980;;;;;;;;;;5753;;;;70;;2128-01-26;B58;;;B58;C;;0736479378;026;X;7686235;B0B;1;KG;-36,96;60,31;;;;;;;;;;
10000;870;ob06;Blackburn.Alisha;01:00:00;2014-02-04;000000000038504951;000000000069925284;031404;;;;304127261766;181,590;KG;KG;0,182;0,182;TO;0,000;-6;-6;2013-11-20;;boon rabbit with took ill numbers;3405019;980;;;;;;;;;;5753;;;;70;;2128-12-30;B58;;;B58;C;;0736479378;026;X;4616090;B0B;1;KG;-36,96;60,31;;;;;;;;;;
10000;880;se37;Blackburn.Alisha;01:00:00;2014-02-11;000000000034867182;000000000061688264;036871;;;;964565366213;428,700;MIN;MIN;0,000;0,000;TO;0,000;-3;-3;2014-03-15;;monster end to of show island badly;3405020;1000;;;;;;;;;;1812;;;;60;;2127-12-24;B43;;;B98;C;;0629600233;02;X;8725472;B27;60;MIN;47,18;78.755,20;;;;;;;;;;
10000;890;se37;Johnston.Patricia;01:00:00;2014-02-10;000000000034867182;000000000061688264;036871;;;;918581588051;327,100;KG;KG;0,327;0,327;TO;0,000;-3;-3;2014-03-15;;monster end to of show island badly;3405020;1030;;;;;;;;;;4556;;;;80;;2128-03-02;;;;B98;C;;0281544267;085;X;8725472;B0B;1;KG;21,51;78.755,20;;;;;;;;;;
10000;900;fc29;Ball.Brady;01:00:00;2014-02-06;000000000067946159;;035601;;;;167624115187;195,970;TO;TO;195,970;195,970;TO;0,000;2;2;2014-03-15;;on warp throw text trying light;3405020;1050;;;;;;;;;;4556;;;;70;;2128-01-17;B44;;;B31;C;;0998328941;079;X;8725472;B0B;1;TO;103,36;78.755,20;;;;;;;;;;
10000;910;yg08;Clemons.Donald;01:00:00;2014-02-10;000000000068732391;;082833;;;;511452580976;360,600;KG;KG;0,361;0,361;TO;0,000;8;8;2014-03-15;;caves with lots leader keys wicket;3405020;1080;;;;;;;;;;3297;;;;70;;2128-02-02;B51;;;B21;C;;0916474151;045;X;5251266;B0B;1;KG;-138,18;78.755,20;;;;;;;;;;
10000;920;xm84;Burgess.Derek;01:00:00;2014-02-08;000000000077318155;000000000076740186;050701;;;;511452580976;380,500;KG;KG;0,380;0,380;TO;0,000;13;13;2014-03-15;;demanded constantly died waited;3405020;1090;;;;;;;;;;9896;;;;30;;2128-02-28;B12;;;B23;C;;0678791711;045;X;6198853;B0B;1;KG;71,64;78.755,20;;;;;;;;;;
10000;930;xm84;Walsh.Kris;01:00:00;2014-02-09;000000000077318155;000000000076740186;050701;;;;511452580976;312,410;KG;KG;0,312;0,312;TO;0,000;13;13;2014-03-15;;demanded constantly died waited;3405020;1090;;;;;;;;;;9896;;;;30;;2128-01-29;B12;;;B23;C;;0678791711;082;X;6198853;B0B;1;KG;71,64;78.755,20;;;;;;;;;;
10000;940;xm84;Madden.Tabitha;01:00:00;2014-02-02;000000000077318155;000000000076740186;050701;;;;511452580976;403,820;MIN;MIN;0,000;0,000;TO;0,000;4;4;2014-03-15;;demanded constantly died waited;3405020;1100;;;;;;;;;;2618;;;;20;;2128-01-26;B57;;;B15;C;;0446988731;024;X;6198853;B0B;60;MIN;29,94;78.755,20;;;;;;;;;;
10000;950;xo94;Madden.Tabitha;01:00:00;2014-02-04;000000000078498082;000000000066641487;067630;;;;057680037454;389,170;MIN;MIN;0,000;0,000;TO;0,000;-4;-4;2014-03-15;;end we it cold from where what;3405020;1110;;;;;;;;;;2618;;;;60;;2128-01-31;;B00;;B15;C;;0446988731;041;X;6198853;B0B;60;MIN;45,42;78.755,20;;;;;;;;;;
10000;960;ty70;Henderson.Larry;01:00:00;2014-02-07;000000000004065549;000000000077606220;023486;;;;455963154781;352,510;KG;KG;0,353;0,353;TO;0,000;2;2;2013-03-18;;library interest sill worn warp;3405021;1130;;;;;;;;;;4986;;;;10;;2127-12-10;;;;B15;C;;0347729668;041;X;6198853;B0B;1;KG;6,95;99.521,98;;;;;;;;;;
10000;970;ty70;Ball.Brady;01:00:00;2014-02-02;000000000004065549;000000000077606220;023486;;;;455963154781;396,280;KG;KG;0,396;0,396;TO;0,000;2;2;2013-03-18;;library interest sill worn warp;3405021;1130;;;;;;;;;;4986;;;;10;;2128-02-16;;;;B15;C;;0347729668;01;X;6198853;B0B;1;KG;6,95;99.521,98;;;;;;;;;;
10000;980;kx46;Roberts.Trevor;01:00:00;2014-02-02;000000000020663153;000000000079941730;084961;;;;455963154781;444,060;M3;M3;1.021,338;1.021,338;TO;0,000;7;7;2013-03-18;;in a open lost from hat smoke about;3405021;1140;;;;;;;;;;3469;;;;20;;2128-01-13;B92;B82;;B13;C;;0392891189;01;X;6198853;B0B;1;M3;-63,67;99.521,98;;;;;;;;;;
10000;990;kx46;Sargent.Alissa;01:00:00;2014-02-05;000000000020663153;000000000079941730;084961;;;;455963154781;383,190;M3;M3;881,337;881,337;TO;0,000;7;7;2013-03-18;;in a open lost from hat smoke about;3405021;1140;;;;;;;;;;3469;;;;20;;2127-12-24;B92;B82;;B13;C;;0392891189;038;X;7300252;B0B;1;M3;-63,67;99.521,98;;;;;;;;;;
10000;1000;kx46;Cantrell.Don;01:00:00;2014-02-02;000000000020663153;000000000079941730;084961;;;;455963154781;415,900;TO;TO;415.900,000;415.900,000;KG;0,000;-1;-1;2013-03-18;;in a open lost from hat smoke about;3405021;1150;;;;;;;;;;3469;;;;50;;2128-01-11;B57;;;B15;C;;0392891189;052;X;7798257;B0B;1;TO;52,70;99.521,98;;;;;;;;;;
10000;1010;kx46;Berger.Vickie;01:00:00;2014-02-03;000000000020663153;000000000079941730;084961;;;;455963154781;350,150;TO;TO;350.150,000;350.150,000;KG;0,000;-1;-1;2013-03-18;;in a open lost from hat smoke about;3405021;1150;;;;;;;;;;3469;;;;50;;2128-01-04;B57;;;B15;C;;0392891189;022;X;2158611;B0B;1;TO;34,26;99.521,98;;;;;;;;;;
10000;1020;kx46;Peters.Hannah;01:00:00;2014-02-10;000000000020663153;000000000079941730;084961;;;;455963154781;369,650;TO;TO;369.650,000;369.650,000;KG;0,000;-1;-1;2013-03-18;;in a open lost from hat smoke about;3405021;1150;;;;;;;;;;3469;;;;50;;2127-12-14;B57;;;B15;C;;0392891189;014;X;2158611;B0B;1;TO;52,70;99.521,98;;;;;;;;;;
10000;1030;kx46;Lambert.Leonard;01:00:00;2014-02-13;000000000020663153;000000000079941730;084961;;;;455963154781;232,780;MIN;MIN;0,233;0,233;KG;0,000;0;0;2013-03-18;;in a open lost from hat smoke about;3405021;1160;;;;;;;;;;8427;;;;70;;2128-03-12;B12;;;B39;C;;0392891189;014;X;5173208;B0B;60;MIN;236,34;17.913,96;;;;;;;;;;
10000;1040;kx46;Whitaker.Angela;01:00:00;2014-02-06;000000000020663153;000000000079941730;084961;;;;455963154781;243,190;MIN;MIN;0,243;0,243;KG;0,000;0;0;2013-03-18;;in a open lost from hat smoke about;3405021;1160;;;;;;;;;;8427;;;;70;;2128-12-29;B12;;;B39;C;;0392891189;014;X;5530265;B0B;60;MIN;236,34;45.780,11;;;;;;;;;;
10000;1050;kx46;Lynn.George;01:00:00;2014-02-02;000000000020663153;000000000079941730;084961;;;;455963154781;293,390;M3;M3;0,293;0,293;KG;0,000;-2;-2;2013-03-18;;in a open lost from hat smoke about;3405021;1180;;;;;;;;;;9118;;;;20;;2128-12-30;;;;B68;C;;0948552571;014;X;5530265;B0B;1;M3;109,99;52.746,65;;;;;;;;;;
10000;1060;kx46;Patel.Barb;01:00:00;2014-02-07;000000000020663153;000000000079941730;084961;;;;455963154781;260,720;M3;M3;0,261;0,261;KG;0,000;-2;-2;2013-03-18;;in a open lost from hat smoke about;3405021;1180;;;;;;;;;;9118;;;;20;;2127-12-01;;;;B68;C;;0948552571;079;X;306336;B0B;1;M3;109,99;99.521,98;;;;;;;;;;
10000;1070;zz11;Patel.Barb;01:00:00;2014-02-05;000000000069727059;000000000061583615;060809;;;;087832489503;164,520;MIN;MIN;0,165;0,165;KG;0,000;3;3;2014-08-28;;on of computer what the on had;3405022;1230;;;;;;;;;;1440;;;;10;;2128-01-10;;;;B98;C;;0673477643;062;X;306336;B0B;60;MIN;79,06;31,94;;;;;;;;;;
10000;1080;zz11;Lawrence.Phillip;01:00:00;2014-02-07;000000000069727059;000000000061583615;060809;;;;087832489503;68,070;MIN;MIN;0,068;0,068;KG;0,000;3;3;2014-08-28;;on of computer what the on had;3405022;1230;;;;;;;;;;1440;;;;10;;2128-02-13;;;;B98;C;;0673477643;068;X;1882091;B0B;60;MIN;79,06;31,94;;;;;;;;;;
10000;1090;zz11;Gibbs.Alissa;01:00:00;2014-02-02;000000000069727059;000000000061583615;060809;;;;087832489503;159,000;MIN;MIN;0,159;0,159;KG;0,000;3;3;2014-08-28;;on of computer what the on had;3405022;1230;;;;;;;;;;1440;;;;10;;2128-01-29;;;;B98;C;;0673477643;024;X;3439808;B0B;60;MIN;79,06;31,94;;;;;;;;;;
10000;1100;zz11;Aguilar.Karen;01:00:00;2014-02-02;000000000069727059;000000000061583615;060809;;;;087832489503;300,800;KG;KG;0,301;0,301;TO;0,000;3;3;2014-08-28;;on of computer what the on had;3405022;1240;;;;;;;;;;6140;;;;40;;2128-12-31;;;;B15;C;;0311032013;024;X;5841962;B0B;1;KG;-26,96;31,94;;;;;;;;;;
10000;1110;zz11;Aguilar.Karen;01:00:00;2014-02-03;000000000069727059;000000000061583615;060809;;;;087832489503;187,770;KG;KG;0,188;0,188;TO;0,000;3;3;2014-08-28;;on of computer what the on had;3405022;1240;;;;;;;;;;6140;;;;40;;2128-02-07;;;;B15;C;;0311032013;017;X;5841962;B0B;1;KG;-38,71;31,94;;;;;;;;;;
10000;1120;zz11;Aguilar.Karen;01:00:00;2014-02-06;000000000069727059;000000000061583615;060809;;;;087832489503;270,220;KG;KG;0,270;0,270;TO;0,000;3;3;2014-08-28;;on of computer what the on had;3405022;1240;;;;;;;;;;6140;;;;40;;2128-02-22;;;;B15;C;;0311032013;059;X;5841962;B0B;1;KG;-69,13;25,87;;;;;;;;;;
10000;1130;nk15;Mathews.Diana;01:00:00;2014-02-09;000000000049519629;000000000078139352;010368;;;;087832489503;294,810;MIN;MIN;0,295;0,295;KG;0,000;-6;-6;2014-08-28;;hatch automatically should it sidekick;3405022;1250;;;;;;;;;;3888;;;;40;;2128-02-02;;;;B10;C;;0311032013;037;X;5841962;B0B;60;MIN;-112,60;23,96;;;;;;;;;;
10000;1140;nk15;Moss.Ralph;01:00:00;2014-02-06;000000000049519629;000000000078139352;010368;;;;998277083484;352,800;MIN;MIN;0,000;0,000;TO;0,000;-1;-1;2013-11-20;;hatch automatically should it sidekick;3405024;1260;;;;;;;;;;9395;;;;80;;2127-12-13;B44;;;B68;C;;0649836853;037;X;5841962;B0B;60;MIN;-90,00;135.229,45;;;;;;;;;;
10000;1150;ij24;Moss.Ralph;01:00:00;2014-02-05;000000000012995260;000000000076091615;087075;;;;216666352968;331,700;MIN;MIN;0,332;0,332;KG;0,000;2;2;2013-11-20;;speed rescue have about want dreams;3405024;1290;;;;;;;;;;5467;;;;0;;2127-12-10;;;;B59;C;;0747306849;066;X;7784607;B0B;60;MIN;45,73;135.229,45;;;;;;;;;;
10000;1160;ju03;Foreman.Virginia;01:00:00;2014-02-07;000000000010390343;000000000065682116;049752;;;;136465283745;332,070;TO;TO;332,070;332,070;TO;0,000;2;2;2013-11-20;;room captain good ill rabbit ship;3405024;1300;;;;;;;;;;5893;;;;0;;2128-01-09;;B56;;B81;C;;0747306849;03;X;9894536;B0B;1;TO;-66,99;135.229,45;;;;;;;;;;
10000;1170;ju03;Allison.Doug;01:00:00;2014-02-02;000000000010390343;000000000065682116;049752;;;;136465283745;354,600;TO;TO;354,600;354,600;TO;0,000;2;2;2015-06-17;;room captain good ill rabbit ship;3405026;1310;;;;;;;;;;5893;;;;60;;2128-02-02;B58;;;B81;C;;0518971956;03;X;9894536;B0B;1;TO;1,55;69.507,72;;;;;;;;;;
10000;1180;ls09;Fitzgerald.Jay;01:00:00;2014-02-07;000000000055543623;000000000072784637;088534;;;;136465283745;306,960;TO;TO;306,960;306,960;TO;0,000;0;0;2015-06-17;;sits rabbit window ship asked show;3405026;1320;;;;;;;;;;2022;;;;0;;2128-04-01;B58;;B82;B61;C;;0518971956;03;X;9894536;B0B;1;TO;67,29;86.884,65;;;;;;;;;;
10000;1190;my19;Barrett.Leroy;01:00:00;2014-02-07;000000000041113216;000000000062307776;018183;;;;136465283745;312,100;MIN;MIN;0,000;0,000;TO;0,000;6;6;2015-06-17;;keys plane came something island;3405026;1330;;;;;;;;;;2022;;;;20;;2128-02-16;;;B82;B61;C;;0784797984;03;X;6484539;B0B;60;MIN;83,89;86.884,65;;;;;;;;;;
10000;1200;qm77;Hatfield.Gloria;01:00:00;2014-02-02;000000000048226755;000000000072373826;034399;;;;136465283745;382,500;MIN;MIN;0,000;0,000;TO;0,000;-7;-7;2015-06-17;;to open ending white numbers something;3405026;1350;;;;;;;;;;4155;;;;0;;2127-12-05;;B69;;B90;C;;0784797984;063;X;6695217;B0B;60;MIN;-15,08;86.884,65;;;;;;;;;;
10000;1210;ft57;Deleon.Floyd;01:00:00;2014-02-02;000000000061779698;000000000060988971;023484;;;;860893195724;317,000;TO;TO;317,000;317,000;TO;0,000;-6;-6;2015-06-17;;they no the discovered is end monster;3405026;1390;;;;;;;;;;3206;;;;70;;2127-12-17;;B68;;B47;C;;0585532539;063;X;9377844;B0B;1;TO;23,65;86.884,65;;;;;;;;;;
10000;1220;ft57;Anthony.Phyllis;01:00:00;2014-02-10;000000000061779698;000000000060988971;023484;;;;860893195724;374,670;MIN;MIN;0,000;0,000;TO;0,000;-2;-2;2015-06-17;;they no the discovered is end monster;3405026;1400;;;;;;;;;;6109;;;;70;;2128-01-26;;B54;;B29;C;;0017458558;037;X;4121275;B0B;60;MIN;22,90;86.884,65;;;;;;;;;;
10000;1230;ft57;Lynn.George;01:00:00;2014-02-02;000000000061779698;000000000060988971;023484;;;;860893195724;437,330;MIN;MIN;0,000;0,000;TO;0,000;-2;-2;2015-06-17;;they no the discovered is end monster;3405026;1400;;;;;;;;;;6109;;;;70;;2127-12-14;;B54;;B29;C;;0017458558;070;X;4121275;B0B;60;MIN;25,12;86.884,65;;;;;;;;;;
10000;1240;vm75;Berger.Kim;01:00:00;2014-02-05;000000000003093750;000000000069533133;024235;;;;829713738025;328,070;KG;KG;328,070;328,070;KG;0,000;2;2;2015-06-17;;it's dad good many a who red suspense;3405026;1410;;;;;;;;;;3402;;;;60;;2127-12-08;;B54;;B28;C;;0743970703;015;X;4748839;B0B;1;KG;88,52;86.884,65;;;;;;;;;;
10000;1250;vm75;Berger.Kim;01:00:00;2014-02-03;000000000003093750;000000000069533133;024235;;;;699198755251;589,800;MIN;MIN;0,590;0,590;KG;0,000;-2;-2;2015-06-17;;it's dad good many a who red suspense;3405026;1420;;;;;;;;;;3402;;;;30;;2128-02-03;B45;;;B40;C;;0467822066;025;X;4748839;B0B;60;MIN;156,21;86.884,65;;;;;;;;;;
10000;1260;vm75;Palmer.Ellen;01:00:00;2014-02-03;000000000003093750;000000000069533133;024235;;;;699198755251;589,800;MIN;MIN;0,590;0,590;KG;0,000;-2;-2;2015-06-17;;it's dad good many a who red suspense;3405026;1420;;;;;;;;;;3402;;;;30;;2127-11-05;B45;;;B40;C;;0467822066;062;X;4748839;B0B;60;MIN;156,21;86.884,65;;;;;;;;;;
10000;1270;vm75;Cox.Wesley;01:00:00;2014-02-09;000000000003093750;000000000069533133;024235;;;;699198755251;482,550;MIN;MIN;0,483;0,483;KG;0,000;-2;-2;2015-06-17;;it's dad good many a who red suspense;3405026;1420;;;;;;;;;;3402;;;;30;;2127-12-16;B45;;;B40;C;;0467822066;044;X;4748839;B0B;60;MIN;156,21;86.884,65;;;;;;;;;;
10000;1280;vm75;Cox.Wesley;01:00:00;2014-02-08;000000000003093750;000000000069533133;024235;;;;699198755251;241,400;MIN;MIN;0,241;0,241;KG;0,000;3;3;2015-03-10;;it's dad good many a who red suspense;3405027;1430;;;;;;;;;;9744;;;;0;;2128-02-03;;;;B53;C;;0467822066;081;X;4748839;B0B;60;MIN;-60,37;86.983,87;;;;;;;;;;
10000;1290;vm75;Wilder.Arthur;01:00:00;2014-02-02;000000000003093750;000000000069533133;024235;;;;699198755251;328,160;M3;M3;754,768;754,768;TO;0,000;0;0;2015-03-10;;it's dad good many a who red suspense;3405027;1440;;;;;;;;;;9994;;;;30;;2128-03-13;;B63;;B53;C;;0779976370;056;X;3775537;B55;1;M3;-96,48;86.983,87;;;;;;;;;;
10000;1300;vm75;Summers.Shanna;01:00:00;2014-02-07;000000000003093750;000000000069533133;024235;;;;699198755251;338,440;M3;M3;778,412;778,412;TO;0,000;1;1;2015-03-10;;it's dad good many a who red suspense;3405027;1460;;;;;;;;;;5321;;;;30;;2127-12-27;;;;B46;C;;0215867472;056;X;3775537;B0B;1;M3;-71,06;86.983,87;;;;;;;;;;
10000;1310;vm75;Navarro.Johnny;01:00:00;2014-02-08;000000000003093750;000000000069533133;024235;;;;699198755251;398,600;M3;M3;916,780;916,780;TO;0,000;1;1;2015-03-10;;it's dad good many a who red suspense;3405027;1460;;;;;;;;;;5321;;;;30;;2127-12-26;;;;B46;C;;0215867472;079;X;3775537;B0B;1;M3;-71,06;50.450,64;;;;;;;;;;
10000;1320;tx68;Patel.Willie;01:00:00;2014-02-02;000000000052406916;000000000065179124;010293;;;;847051070421;320,780;M3;M3;0,321;0,321;KG;0,000;1;1;2014-08-25;;took light code world rescue smoke;3405028;1480;;;;;;;;;;3252;;;;30;;2128-02-18;;B57;;B46;C;;0215867472;065;X;3775537;B0B;1;M3;-23,04;102.116,76;;;;;;;;;;
10000;1330;tx68;Patel.Willie;01:00:00;2014-02-02;000000000052406916;000000000065179124;010293;;;;577110771927;300,700;MIN;MIN;0,301;0,301;KG;0,000;0;0;2014-08-25;;took light code world rescue smoke;3405028;1490;;;;;;;;;;6703;;;;80;;2128-01-20;;B57;;B76;C;;0215867472;032;X;1678375;B0B;60;MIN;-8,34;102.116,76;;;;;;;;;;
10000;1340;sp80;Becker.Keith;01:00:00;2014-02-02;000000000076765589;000000000077090656;038164;;;;577110771927;357,600;KG;KG;0,358;0,358;TO;0,000;-2;-2;2014-05-23;;window sits are as caves this suspense;3405029;1520;;;;;;;;;;4656;;;;10;;2128-04-02;;;;B95;C;;0984318019;085;X;2145992;B0B;1;KG;-52,76;166.762,36;;;;;;;;;;
10000;1350;sp80;Madden.Tabitha;01:00:00;2014-02-02;000000000076765589;000000000077090656;038164;;;;577110771927;296,050;KG;KG;0,296;0,296;TO;0,000;-2;-2;2014-05-23;;window sits are as caves this suspense;3405029;1520;;;;;;;;;;4656;;;;10;;2127-12-23;;;;B95;C;;0984318019;085;X;2145992;B0B;1;KG;-17,41;148.418,50;;;;;;;;;;
10000;1360;sp80;Francis.Sam;01:00:00;2014-02-02;000000000076765589;000000000077090656;038164;;;;577110771927;362,640;TO;TO;362,640;362,640;TO;0,000;7;7;2014-05-23;;window sits are as caves this suspense;3405029;1540;;;;;;;;;;7537;;;;60;;2127-12-18;;;;B05;C;;0372475160;085;X;6806031;B0B;1;TO;-136,54;85.048,80;;;;;;;;;;
10000;1370;sp80;Sanders.April;01:00:00;2014-02-04;000000000076765589;000000000077090656;038164;;;;577110771927;280,890;TO;TO;280,890;280,890;TO;0,000;7;7;2014-05-23;;window sits are as caves this suspense;3405029;1540;;;;;;;;;;7537;;;;60;;2128-01-03;;;;B05;C;;0372475160;012;X;6806031;B0B;1;TO;-177,33;166.762,36;;;;;;;;;;
10000;1380;sp80;Washington.Diana;01:00:00;2014-02-09;000000000076765589;000000000077090656;038164;;;;005145626125;307,520;TO;TO;307,520;307,520;TO;0,000;3;3;2014-05-23;;window sits are as caves this suspense;3405029;1550;;;;;;;;;;2065;;;;80;;2127-11-26;;;;B76;C;;0372475160;067;X;4254286;B0B;1;TO;10,91;126.739,39;;;;;;;;;;
10000;1390;tc90;Melton.Cameron;01:00:00;2014-02-04;000000000026958088;;065329;;;;542931650349;264,200;M3;M3;607,660;607,660;TO;0,000;3;3;2014-05-21;;no died good from assert keys find;3405030;1600;;;;;;;;;;8671;;;;60;;2127-12-28;B91;;;B10;C;;0518971956;044;X;4973574;B0B;1;M3;54,98;100.562,74;;;;;;;;;;
10000;1400;gk53;Valencia.Jodi;01:00:00;2014-02-02;000000000042461115;000000000069896096;037056;;;;137087992193;382,860;MIN;MIN;0,000;0,000;TO;0,000;0;0;2014-05-21;;web about a with caves web hatch;3405030;1640;;;;;;;;;;4308;;;;20;;2128-01-31;B00;;;B03;C;;0223467074;044;X;2776113;B0B;60;MIN;-38,42;81.455,82;;;;;;;;;;
10000;1410;gk53;Hyde.Donald;01:00:00;2014-02-13;000000000042461115;000000000069896096;037056;;;;137087992193;301,910;MIN;MIN;0,000;0,000;TO;0,000;0;0;2014-05-21;;web about a with caves web hatch;3405030;1640;;;;;;;;;;4308;;;;20;;2128-01-09;B00;;;B03;C;;0223467074;079;X;2776113;B0B;60;MIN;-46,29;100.562,74;;;;;;;;;;
10000;1420;gk53;Foreman.Andrea;01:00:00;2014-02-02;000000000042461115;000000000069896096;037056;;;;137087992193;407,000;MIN;MIN;0,000;0,000;TO;0,000;0;0;2014-05-21;;web about a with caves web hatch;3405030;1640;;;;;;;;;;4308;;;;20;;2128-01-20;B00;;;B03;C;;0223467074;079;X;3469747;B0B;60;MIN;-46,29;100.562,74;;;;;;;;;;
10000;1430;bv58;Aguilar.Rodney;01:00:00;2014-02-09;000000000063562756;;023890;;;;137087992193;431,800;TO;TO;431.800,000;431.800,000;KG;0,000;4;4;2013-10-14;;caves to lock pull on to to leader;3405031;1650;;;;;;;;;;2961;;;;50;;2128-01-28;B62;;;B90;C;;0815532680;026;X;9779573;B0B;1;TO;42,51;75.447,45;;;;;;;;;;
10000;1440;ss42;Vasquez.Eric;01:00:00;2014-02-05;000000000066149870;000000000079582878;008265;;;;846725883623;384,060;MIN;MIN;0,384;0,384;KG;0,000;-7;-7;2013-10-14;;interest trying discovered died;3405031;1680;;;;;;;;;;7524;;;;50;;2127-12-11;B26;;;B82;C;;0468263756;026;X;9779573;B0B;60;MIN;-48,57;75.447,45;;;;;;;;;;
10000;1450;ua33;Guy.Dawn;01:00:00;2014-02-02;000000000012769341;000000000069356124;027257;;;;280155180289;173,400;MIN;MIN;0,000;0,000;TO;0,000;0;0;2013-10-14;;good so much are hid should who;3405031;1690;;;;;;;;;;7524;;;;70;;2128-03-20;;B68;;B82;C;;0468263756;026;X;9779573;B0B;60;MIN;191,61;75.447,45;;;;;;;;;;
10000;1460;hc89;Guy.Dawn;01:00:00;2014-02-02;000000000021155450;;088012;;;;280155180289;457,770;M3;M3;0,458;0,458;KG;0,000;0;0;2013-10-14;;in leader it visions of others;3405031;1710;;;;;;;;;;3562;;;;30;;2127-12-21;;;B24;B64;C;;0678791711;011;X;6649267;B0B;1;M3;38,20;75.447,45;;;;;;;;;;
10000;1470;nf99;Salas.Kay;01:00:00;2014-02-13;000000000021268826;000000000071331262;062789;;;;194034812784;257,470;M3;M3;592,181;592,181;TO;0,000;5;5;2013-10-06;;what ghost web good cold sidekick;3405032;1740;;;;;;;;;;8628;;;;40;;2127-12-20;;B57;;B64;C;;0875067411;011;X;1263754;B0B;1;M3;136,40;100.736,17;;;;;;;;;;
10000;1480;fg49;Dunn.Leroy;01:00:00;2014-02-02;000000000015163120;000000000071137878;069518;;;;194034812784;317,920;KG;KG;317,920;317,920;KG;0,000;1;1;2013-10-06;;sill ship to magnetic hold with;3405032;1780;;;;;;;;;;6011;;;;20;;2128-02-24;B44;;;B19;C;;0632346988;032;X;4513453;B0B;1;KG;5,57;77.566,85;;;;;;;;;;
10000;1490;gr19;Salas.Carolyn;01:00:00;2014-02-06;000000000007245411;000000000064462185;088534;;;;320283244154;279,500;TO;TO;279,500;279,500;TO;0,000;-2;-2;2013-10-06;;hatch died captain sacrifice shepherd;3405032;1790;;;;;;;;;;7007;;;;20;;2128-01-27;B44;;;B19;C;;0632346988;093;X;7544382;B0B;1;TO;-52,54;100.736,17;;;;;;;;;;
10000;1500;zi29;Salas.Carolyn;01:00:00;2014-02-07;000000000064185726;000000000062369574;022168;;;;320283244154;260,000;KG;KG;0,260;0,260;TO;0,000;0;0;2013-10-06;;secretly something wicket I numbers;3405032;1810;;;;;;;;;;6939;;;;80;;2128-02-05;;;;B19;C;;0425017602;037;X;7957571;B0B;1;KG;99,30;100.736,17;;;;;;;;;;
10000;1510;zi29;Salas.Carolyn;01:00:00;2014-02-06;000000000064185726;000000000062369574;022168;;;;320283244154;208,680;KG;KG;0,209;0,209;TO;0,000;0;0;2013-10-06;;secretly something wicket I numbers;3405032;1810;;;;;;;;;;6939;;;;80;;2128-01-31;;;;B19;C;;0425017602;093;X;7957571;B0B;1;KG;24,82;100.736,17;;;;;;;;;;
10000;1520;lx59;Hood.Randy;01:00:00;2014-02-09;000000000073561246;000000000064648260;048099;;;;685537587660;306,500;TO;TO;306.500,000;306.500,000;KG;0,000;4;4;2014-07-16;;waited hid text badly died while;3405033;1840;;;;;;;;;;6151;;;;60;;2128-01-12;;;;B98;C;;0390198722;036;X;7957571;B0B;1;TO;140,90;133.102,84;;;;;;;;;;
10000;1530;lv51;McIntosh.Sam;01:00:00;2014-02-10;000000000064719829;000000000069915487;075426;;;;685537587660;334,700;TO;TO;334,700;334,700;TO;0,000;0;0;2014-07-16;;where ends red waited was handled;3405033;1850;;;;;;;;;;6151;;;;60;;2128-02-15;;;;B98;C;;0425017602;081;X;7957571;B0B;1;TO;36,71;133.102,84;;;;;;;;;;
10000;1540;lv51;Hopkins.Lloyd;01:00:00;2014-02-02;000000000064719829;000000000069915487;075426;;;;685537587660;334,700;TO;TO;334,700;334,700;TO;0,000;0;0;2014-07-16;;where ends red waited was handled;3405033;1850;;;;;;;;;;6151;;;;60;;2127-12-20;;;;B98;C;;0425017602;081;X;8662515;B0B;1;TO;107,97;133.102,84;;;;;;;;;;
10000;1550;ju58;Gay.Tabitha;01:00:00;2014-02-11;000000000018397898;000000000062040606;055407;;;;560490748186;259,540;KG;KG;0,260;0,260;TO;0,000;-7;-7;2014-07-16;;probably pique red leader days;3405033;1870;;;;;;;;;;4525;;;;60;;2128-02-26;;B56;;B55;C;;0703454573;057;X;1009668;B0B;1;KG;104,67;133.102,84;;;;;;;;;;
10000;1560;ju58;Sellers.Marlene;01:00:00;2014-02-09;000000000018397898;000000000062040606;055407;;;;824889370901;449,200;TO;TO;449,200;449,200;TO;0,000;4;4;2015-03-07;;probably pique red leader days;3405034;1890;;;;;;;;;;7302;;;;80;;2127-10-09;;;;B30;C;;0649836853;017;X;1262975;B0B;1;TO;79,41;45.809,03;;;;;;;;;;
10000;1570;xp04;Moody.Herbert;01:00:00;2014-02-02;000000000042225904;000000000070171339;003277;;;;824889370901;219,290;KG;KG;0,219;0,219;TO;0,000;-2;-2;2015-03-07;;magnetic headphones ship code list;3405034;1900;;;;;;;;;;8455;;;;30;;2127-12-06;;;;B82;C;;0262706999;016;X;1262975;B0B;1;KG;61,31;67.622,86;;;;;;;;;;
10000;1580;xp04;Cannon.Steven;01:00:00;2014-02-02;000000000042225904;000000000070171339;003277;;;;824889370901;181,840;KG;KG;0,182;0,182;TO;0,000;-2;-2;2015-03-07;;magnetic headphones ship code list;3405034;1900;;;;;;;;;;8455;;;;30;;2127-12-23;;;;B82;C;;0262706999;046;X;1262975;B0B;1;KG;17,17;109.069,13;;;;;;;;;;
10000;1590;nn62;Buck.Glenn;01:00:00;2014-02-07;000000000046420128;000000000070615010;087956;;;;436895984361;320,900;MIN;MIN;0,000;0,000;TO;0,000;3;3;2015-03-07;;plane found they pull wicket about;3405034;1930;;;;;;;;;;3646;;;;10;;2127-11-15;;;;B87;C;;0051993527;030;X;1262975;B0B;60;MIN;47,20;109.069,13;;;;;;;;;;
10000;1600;ua33;Buck.Glenn;01:00:00;2014-02-05;000000000012769341;000000000069356124;027257;;;;436895984361;379,370;TO;TO;379.370,000;379.370,000;KG;0,000;1;1;2013-09-14;;good so much are hid should who;3405035;1950;;;;;;;;;;9550;;;;0;;2128-04-01;;B75;;B90;C;;0372475160;07;X;1262975;B0B;1;TO;230,61;106.434,26;;;;;;;;;;
10000;1610;ua33;Montgomery.Joanne;01:00:00;2014-02-11;000000000012769341;000000000069356124;027257;;;;436895984361;415,200;TO;TO;415.200,000;415.200,000;KG;0,000;1;1;2013-09-14;;good so much are hid should who;3405035;1950;;;;;;;;;;9550;;;;0;;2127-11-29;;B75;;B90;C;;0372475160;07;X;1453815;B0B;1;TO;230,61;106.434,26;;;;;;;;;;
10000;1620;ua33;Fuentes.Sydney;01:00:00;2014-02-13;000000000012769341;000000000069356124;027257;;;;436895984361;415,200;TO;TO;415.200,000;415.200,000;KG;0,000;1;1;2013-09-14;;good so much are hid should who;3405035;1950;;;;;;;;;;9550;;;;0;;2127-11-21;;B75;;B90;C;;0372475160;07;X;1453815;B0B;1;TO;94,55;106.434,26;;;;;;;;;;
10000;1630;ua33;Fuentes.Sydney;01:00:00;2014-02-07;000000000012769341;000000000069356124;027257;;;;436895984361;338,240;M3;M3;0,338;0,338;KG;0,000;6;6;2013-09-14;;good so much are hid should who;3405035;1960;;;;;;;;;;9550;;;;0;;2128-02-14;;B75;;B89;C;;0964241268;087;X;1453815;B0B;1;M3;123,21;106.434,26;;;;;;;;;;
10000;1640;ua33;Burton.Arthur;01:00:00;2014-02-07;000000000012769341;000000000069356124;027257;;;;553382685876;398,300;M3;M3;916,090;916,090;TO;0,000;4;4;2013-09-14;;good so much are hid should who;3405035;1970;;;;;;;;;;9550;;;;10;;2127-11-12;B58;B75;;B90;C;;0208025476;087;X;1453815;B0B;1;M3;66,60;106.434,26;;;;;;;;;;
10000;1650;ys41;White.Chasity;01:00:00;2014-02-07;000000000070355648;000000000072697436;028333;;;;208485553911;437,620;TO;TO;437.620,000;437.620,000;KG;0,000;-1;-1;2013-09-14;;no web to find fire the with ship;3405035;1990;;;;;;;;;;9450;;;;10;;2128-02-15;;;;B27;C;;0208025476;088;X;1679217;B0B;1;TO;33,13;14.900,80;;;;;;;;;;
10000;1660;ys41;Santiago.Teresa;01:00:00;2014-02-16;000000000070355648;000000000072697436;028333;;;;260536407718;323,640;TO;TO;323.640,000;323.640,000;KG;0,000;0;0;2013-09-14;;no web to find fire the with ship;3405035;2000;;;;;;;;;;9450;;;;40;;2128-01-22;B62;;;B29;C;;0389530814;030;X;1679217;B0B;1;TO;3,27;106.434,26;;;;;;;;;;
10000;1670;ys41;Santiago.Teresa;01:00:00;2014-02-08;000000000070355648;000000000072697436;028333;;;;857023412314;286,010;MIN;MIN;0,286;0,286;KG;0,000;1;1;2014-12-03;;no web to find fire the with ship;3405036;2010;;;;;;;;;;8650;;;;20;;2128-02-11;B62;;;B29;C;;0072963822;072;X;8906573;B0B;60;MIN;-13,41;96.464,00;;;;;;;;;;
10000;1680;ex38;Hogan.Brady;01:00:00;2014-02-03;000000000077733216;000000000076689472;039422;;;;857023412314;329,500;KG;KG;329,500;329,500;KG;0,000;0;0;2014-12-03;;find came banging ending island;3405036;2020;;;;;;;;;;8915;;;;20;;2127-12-21;B62;B00;;B29;C;;0484565057;078;X;8906573;B0B;1;KG;84,28;96.464,00;;;;;;;;;;
10000;1690;ex38;Hendrix.Albert;01:00:00;2014-02-02;000000000077733216;000000000076689472;039422;;;;857023412314;307,150;KG;KG;307,150;307,150;KG;0,000;0;0;2014-12-03;;find came banging ending island;3405036;2020;;;;;;;;;;8915;;;;20;;2128-03-21;B62;B00;;B29;C;;0484565057;051;X;8906573;B0B;1;KG;40,45;20.257,44;;;;;;;;;;
10000;1700;ex38;Hendrix.Albert;01:00:00;2014-02-10;000000000077733216;000000000076689472;039422;;;;238999527438;391,110;MIN;MIN;0,391;0,391;KG;0,000;4;4;2014-12-03;;find came banging ending island;3405036;2040;;;;;;;;;;3554;;;;60;;2128-05-06;B62;;B14;B13;C;;0459450952;022;X;8906573;B0B;60;MIN;47,69;96.464,00;;;;;;;;;;
10000;1710;ex38;McIntosh.Bonnie;01:00:00;2014-02-02;000000000077733216;000000000076689472;039422;;;;238999527438;374,420;MIN;MIN;0,374;0,374;KG;0,000;4;4;2014-12-03;;find came banging ending island;3405036;2040;;;;;;;;;;3554;;;;60;;2128-01-26;B62;;B14;B13;C;;0459450952;076;X;1172211;B0B;60;MIN;47,69;74.277,28;;;;;;;;;;
10000;1720;ex38;Ratliff.Chuck;01:00:00;2014-02-02;000000000077733216;000000000076689472;039422;;;;238999527438;426,700;M3;M3;981,410;981,410;TO;0,000;6;6;2014-05-16;;find came banging ending island;3405037;2050;;;;;;;;;;7659;;;;20;;2127-12-19;B62;B38;;B13;C;;0799396792;061;X;4248974;B0B;1;M3;150,21;69.642,31;;;;;;;;;;
10000;1730;ex38;Marquez.Gary;01:00:00;2014-02-05;000000000077733216;000000000076689472;039422;;;;238999527438;484,270;M3;M3;1.113,821;1.113,821;TO;0,000;6;6;2014-05-16;;find came banging ending island;3405037;2050;;;;;;;;;;7659;;;;20;;2128-01-07;B62;B38;;B13;C;;0799396792;08;X;131944;B0B;1;M3;150,21;69.642,31;;;;;;;;;;
10000;1740;sq68;Marquez.Gary;01:00:00;2014-02-04;000000000075186317;000000000069236645;043386;;;;261000321712;260,500;KG;KG;0,260;0,260;TO;0,000;-1;-1;2014-05-16;;light we ghost have else window;3405037;2070;;;;;;;;;;9892;;;;20;;2127-12-11;;;;B75;C;;0799396792;077;X;131944;B0B;1;KG;67,48;69.642,31;;;;;;;;;;
10000;1750;pe65;Doyle.Albert;01:00:00;2014-02-06;000000000076538307;000000000070881281;067246;;;;770976357519;346,700;M3;M3;797,410;797,410;TO;0,000;2;2;2014-05-16;;open it was white plane to light;3405037;2110;;;;;;;;;;4744;;;;20;;2128-01-04;;;;B23;C;;0059245444;077;X;8834623;B0B;1;M3;15,52;57.106,69;;;;;;;;;;
10000;1760;fm94;Ashley.Paul;01:00:00;2014-02-02;000000000021111364;000000000064704618;068276;;;;687146393967;352,940;TO;TO;352,940;352,940;TO;0,000;8;8;2015-07-14;;sits build something books lost;3405038;2170;;;;;;;;;;1868;;;;60;;2127-11-29;;;;B96;C;;0537868059;080;X;8834623;B0B;1;TO;123,95;142.931,10;;;;;;;;;;
10000;1770;hm56;Ferrell.Christian;01:00:00;2014-02-03;000000000073157443;;025223;;;;422461110191;288,820;M3;M3;664,286;664,286;TO;0,000;2;2;2015-07-14;;library came to open sidekick enter;3405038;2190;;;;;;;;;;6934;;;;0;;2128-12-30;B53;B80;;B38;C;;0110380343;027;X;8834623;B0B;1;M3;20,36;142.931,10;;;;;;;;;;
10000;1780;bd25;Nichols.Chase;01:00:00;2014-02-08;000000000072184333;;050249;;;;762468080584;391,700;M3;M3;900,910;900,910;TO;0,000;6;6;2015-07-14;;found window constantly visions;3405038;2200;;;;;;;;;;7664;;;;0;;2128-03-04;;;;B43;C;;0110380343;027;X;5090116;B0B;1;M3;60,27;142.931,10;;;;;;;;;;
10000;1790;bd25;McGee.Rose;01:00:00;2014-02-07;000000000072184333;;050249;;;;762468080584;391,700;M3;M3;900,910;900,910;TO;0,000;6;6;2015-07-14;;found window constantly visions;3405038;2200;;;;;;;;;;7664;;;;0;;2127-12-21;;;;B43;C;;0110380343;058;X;5090116;B0B;1;M3;60,27;142.931,10;;;;;;;;;;
10000;1800;zm00;Cardenas.Lori;01:00:00;2014-02-05;000000000061819364;;050387;;;;762468080584;377,700;TO;TO;377.700,000;377.700,000;KG;0,000;1;1;2015-07-14;;through sacrifice who moved had;3405038;2220;;;;;;;;;;7253;;;;50;;2128-02-24;;;;B43;C;;0604864191;043;X;5090116;B0B;1;TO;79,63;37.162,09;;;;;;;;;;
10000;1810;lx59;Cardenas.Lori;01:00:00;2014-02-09;000000000073561246;000000000064648260;048099;;;;578494946140;251,260;M3;M3;0,251;0,251;KG;0,000;4;4;2015-07-14;;waited hid text badly died while;3405038;2250;;;;;;;;;;7640;;;;30;;2128-02-21;B56;;;B43;C;;0200086706;043;X;5090116;B0B;1;M3;67,85;142.931,10;;;;;;;;;;
10000;1820;uu32;Baldwin.Seth;01:00:00;2014-02-05;000000000012976879;;077060;;;;578494946140;303,400;TO;TO;303,400;303,400;TO;0,000;0;0;2015-07-14;;hot no build interest they generated;3405038;2260;;;;;;;;;;7640;;;;60;;2128-01-22;B60;;;B43;C;;0807092674;067;X;8569913;B0B;1;TO;21,28;142.931,10;;;;;;;;;;
10000;1830;ai97;Estes.Kelsey;01:00:00;2014-02-03;000000000079946048;000000000071391038;010403;;;;278867693559;465,870;TO;TO;465,870;465,870;TO;0,000;0;0;2015-07-14;;came have sidekick throw show list;3405038;2270;;;;;;;;;;7640;;;;40;;2128-01-23;B60;;;B43;C;;0503101843;067;X;5450739;B0B;1;TO;-6,16;142.931,10;;;;;;;;;;
10000;1840;ai97;Sykes.Sherri;01:00:00;2014-02-10;000000000079946048;000000000071391038;010403;;;;278867693559;399,020;TO;TO;399,020;399,020;TO;0,000;0;0;2015-07-14;;came have sidekick throw show list;3405038;2270;;;;;;;;;;7640;;;;40;;2128-01-30;B60;;;B43;C;;0503101843;067;X;5450739;B0B;1;TO;-6,16;142.931,10;;;;;;;;;;
10000;1850;yn92;Sykes.Sherri;01:00:00;2014-02-04;000000000053283905;000000000072053529;072150;;;;278867693559;348,300;TO;TO;348,300;348,300;TO;0,000;3;3;2015-07-14;;while open plane ill light smoke;3405038;2280;;;;;;;;;;9562;;;;40;;2127-12-16;;;;B43;C;;0419684874;084;X;5450739;B0B;1;TO;84,35;142.931,10;;;;;;;;;;
10000;1860;yn92;Sykes.Sherri;01:00:00;2014-02-11;000000000053283905;000000000072053529;072150;;;;278867693559;288,370;TO;TO;288,370;288,370;TO;0,000;3;3;2015-07-14;;while open plane ill light smoke;3405038;2280;;;;;;;;;;9562;;;;40;;2128-02-04;;;;B43;C;;0419684874;084;X;5450739;B0B;1;TO;84,35;142.931,10;;;;;;;;;;
10000;1870;yn92;Shepherd.Gerald;01:00:00;2014-02-02;000000000053283905;000000000072053529;072150;;;;278867693559;246,850;TO;TO;246,850;246,850;TO;0,000;3;3;2015-07-14;;while open plane ill light smoke;3405038;2280;;;;;;;;;;9562;;;;40;;2128-04-06;;;;B43;C;;0419684874;080;X;3905632;B0B;1;TO;84,35;142.931,10;;;;;;;;;;
10000;1880;yn92;Shepherd.Gerald;01:00:00;2014-02-04;000000000053283905;000000000072053529;072150;;;;278867693559;313,210;TO;TO;313,210;313,210;TO;0,000;3;3;2015-07-14;;while open plane ill light smoke;3405038;2280;;;;;;;;;;9562;;;;40;;2127-12-23;;;;B43;C;;0419684874;064;X;3905632;B0B;1;TO;57,36;142.931,10;;;;;;;;;;
10000;1890;yn92;Whitfield.Randall;01:00:00;2014-02-10;000000000053283905;000000000072053529;072150;;;;278867693559;211,160;KG;KG;0,211;0,211;TO;0,000;0;0;2015-07-14;;while open plane ill light smoke;3405038;2290;;;;;;;;;;4113;;;;10;;2128-01-23;;;;B38;C;;0419684874;064;X;2631466;B0B;1;KG;96,11;142.931,10;;;;;;;;;;
10000;1900;yn92;Whitfield.Randall;01:00:00;2014-02-10;000000000053283905;000000000072053529;072150;;;;278867693559;201,180;KG;KG;0,201;0,201;TO;0,000;0;0;2015-07-14;;while open plane ill light smoke;3405038;2290;;;;;;;;;;4113;;;;10;;2128-01-07;;;;B38;C;;0419684874;032;X;2631466;B0B;1;KG;240,27;142.931,10;;;;;;;;;;
10000;1910;yn92;Baker.William;01:00:00;2014-02-07;000000000053283905;000000000072053529;072150;;;;278867693559;205,760;KG;KG;0,206;0,206;TO;0,000;0;0;2015-07-14;;while open plane ill light smoke;3405038;2290;;;;;;;;;;4113;;;;10;;2128-01-09;;;;B38;C;;0419684874;022;X;1946452;B0B;1;KG;240,27;142.931,10;;;;;;;;;;
10000;1920;nq91;Reeves.Tony;01:00:00;2014-02-11;000000000050443223;;049683;;;;278867693559;375,330;MIN;MIN;0,375;0,375;KG;0,000;2;2;2015-07-14;;will wicket about to books else;3405038;2300;;;;;;;;;;4113;;;;70;;2128-02-12;B71;;;B98;C;;0629726682;022;X;179892;B0B;60;MIN;148,03;142.931,10;;;;;;;;;;
10000;1930;nq91;Ferguson.Crystal;01:00:00;2014-02-10;000000000050443223;;049683;;;;278867693559;472,400;KG;KG;0,472;0,472;TO;0,000;0;0;2013-07-11;;will wicket about to books else;3405039;2340;;;;;;;;;;5906;;;;80;;2128-02-26;;B90;;B30;C;;0720616758;069;X;1124882;B0B;1;KG;157,73;98.947,26;;;;;;;;;;
10000;1940;zm00;Guerrero.Derrick;01:00:00;2014-02-06;000000000061819364;;050387;;;;579809297301;366,700;M3;M3;0,367;0,367;KG;0,000;-2;-2;2013-10-24;;through sacrifice who moved had;3405040;2350;;;;;;;;;;6858;;;;50;;2128-01-08;B45;;;B83;C;;0607085606;078;X;1124882;B0B;1;M3;167,98;6,80;;;;;;;;;;
10000;1950;zm00;Dillard.Brandy;01:00:00;2014-02-02;000000000061819364;;050387;;;;579809297301;366,700;M3;M3;0,367;0,367;KG;0,000;-2;-2;2013-10-24;;through sacrifice who moved had;3405040;2350;;;;;;;;;;6858;;;;50;;2128-02-11;B45;;;B83;C;;0607085606;057;X;1124882;B0B;1;M3;167,98;53,06;;;;;;;;;;
10000;1960;zm00;Carney.Dusty;01:00:00;2014-02-02;000000000061819364;;050387;;;;579809297301;366,700;M3;M3;0,367;0,367;KG;0,000;-2;-2;2013-10-24;;through sacrifice who moved had;3405040;2350;;;;;;;;;;6858;;;;50;;2127-12-13;B45;;;B83;C;;0607085606;00;X;1124882;B0B;1;M3;43,67;68,02;;;;;;;;;;
10000;1970;ls09;Hebert.Bryan;01:00:00;2014-02-13;000000000055543623;000000000072784637;088534;;;;015238591209;451,820;TO;TO;451,820;451,820;TO;0,000;7;7;2013-10-24;;sits rabbit window ship asked show;3405040;2370;;;;;;;;;;2590;;;;40;;2128-03-07;;B63;;B05;C;;0305461581;096;X;1124882;B0B;1;TO;93,02;68,02;;;;;;;;;;
10000;1980;ls09;Moss.Ralph;01:00:00;2014-02-03;000000000055543623;000000000072784637;088534;;;;015238591209;437,100;TO;TO;437,100;437,100;TO;0,000;7;7;2013-10-24;;sits rabbit window ship asked show;3405040;2370;;;;;;;;;;2590;;;;40;;2128-01-30;;B63;;B05;C;;0305461581;096;X;4789229;B0B;1;TO;93,02;68,02;;;;;;;;;;
10000;1990;am91;Mathews.Diana;01:00:00;2014-02-02;000000000005991736;000000000062967998;060096;;;;994815992990;464,750;TO;TO;464.750,000;464.750,000;KG;0,000;8;8;2013-10-24;;books sacrifice I or maybe good;3405040;2380;;;;;;;;;;7920;;;;40;;2128-02-08;;B63;;B05;C;;0305461581;023;X;4789229;B0B;1;TO;23,29;17,00;;;;;;;;;;
10000;2000;zd04;Whitley.Diane;01:00:00;2014-02-05;000000000021561811;;049337;;;;447087460665;333,000;KG;KG;0,333;0,333;TO;0,000;-5;-5;2013-10-24;;assert are will in headphones who;3405040;2400;;;;;;;;;;3896;;;;80;;2128-02-21;B71;;;B58;C;;0904240264;090;X;4789229;B0B;1;KG;85,94;68,02;;;;;;;;;;
10000;2010;zd04;Wood.Victoria;01:00:00;2014-02-14;000000000021561811;;049337;;;;447087460665;216,990;KG;KG;0,217;0,217;TO;0,000;-5;-5;2013-10-24;;assert are will in headphones who;3405040;2400;;;;;;;;;;3896;;;;80;;2128-03-20;B71;;;B58;C;;0904240264;024;X;4789229;B0B;1;KG;18,91;68,02;;;;;;;;;;
10000;2020;zd04;Wood.Victoria;01:00:00;2014-02-08;000000000021561811;;049337;;;;447087460665;333,000;KG;KG;0,333;0,333;TO;0,000;-5;-5;2013-10-24;;assert are will in headphones who;3405040;2400;;;;;;;;;;3896;;;;80;;2128-01-23;B71;;;B58;C;;0904240264;024;X;4429914;B0B;1;KG;85,94;68,02;;;;;;;;;;
10000;2030;iq06;Juarez.Jennifer;01:00:00;2014-02-02;000000000044347174;000000000061778543;040228;;;;871283050356;398,940;TO;TO;398,940;398,940;TO;0,000;-6;-6;2013-04-22;;ill died sofa until ill open find;3405041;2430;;;;;;;;;;5696;;;;60;;2128-01-03;;;;B46;C;;0912606791;024;X;7164130;B0B;1;TO;98,51;119.096,60;;;;;;;;;;
10000;2040;iq06;Dale.Tony;01:00:00;2014-02-12;000000000044347174;000000000061778543;040228;;;;871283050356;389,650;TO;TO;389,650;389,650;TO;0,000;-6;-6;2013-04-22;;ill died sofa until ill open find;3405041;2430;;;;;;;;;;5696;;;;60;;2128-02-26;;;;B46;C;;0912606791;08;X;7164130;B0B;1;TO;98,51;119.096,60;;;;;;;;;;
10000;2050;cz68;Norton.Larry;01:00:00;2014-02-12;000000000036432600;000000000066205946;077330;;;;473921261800;319,700;TO;TO;319.700,000;319.700,000;KG;0,000;0;0;2015-03-09;;is lost text write to discovered;3405042;2460;;;;;;;;;;2831;;;;60;;2128-02-21;;;;B30;C;;0267129818;065;X;7164130;B0B;1;TO;-23,29;115.968,20;;;;;;;;;;
10000;2060;oi40;Norton.Larry;01:00:00;2014-02-08;000000000024540744;000000000064508470;012126;;;;542129604206;345,480;M3;M3;794,604;794,604;TO;0,000;-8;-8;2015-03-09;;keys through suspense where out;3405042;2480;;;;;;;;;;5614;;;;20;;2128-02-11;B92;;;B30;C;;0319258093;02;X;7164130;B0B;1;M3;38,09;115.968,20;;;;;;;;;;
10000;2070;oi40;Baker.Dawn;01:00:00;2014-02-07;000000000024540744;000000000064508470;012126;;;;454599613974;236,120;MIN;MIN;0,000;0,000;TO;0,000;0;0;2015-03-09;;keys through suspense where out;3405042;2500;;;;;;;;;;6011;;;;80;;2127-11-16;;;;B11;C;;0330701439;084;X;6744821;B0B;60;MIN;24,25;115.968,20;;;;;;;;;;
10000;2080;oi40;Baker.Dawn;01:00:00;2014-02-06;000000000024540744;000000000064508470;012126;;;;454599613974;343,300;MIN;MIN;0,000;0,000;TO;0,000;0;0;2015-03-09;;keys through suspense where out;3405042;2500;;;;;;;;;;6011;;;;80;;2128-02-12;;;;B11;C;;0330701439;086;X;6744821;B0B;60;MIN;17,94;115.968,20;;;;;;;;;;
10000;2090;up13;Bullock.Kaitlyn;01:00:00;2014-02-04;000000000050958902;000000000067271819;084720;;;;637771404565;326,900;TO;TO;326,900;326,900;TO;0,000;1;1;2015-10-01;;they they boon speed pique is ill;3405043;2530;;;;;;;;;;2189;;;;80;;2128-02-09;B26;;;B78;C;;0678367981;03;X;6744821;B0B;1;TO;22,10;70.217,98;;;;;;;;;;
10000;2100;iv85;Murray.Jill;01:00:00;2014-02-02;000000000032511484;;015600;;;;393421182902;260,300;MIN;MIN;0,000;0,000;TO;0,000;6;6;2013-02-03;;when text it's secretly assert;3405044;2570;;;;;;;;;;2801;;;;70;;2127-12-04;;B00;;B36;C;;0200086706;039;X;9113727;B0B;60;MIN;5,14;111.212,93;;;;;;;;;;
10000;2110;ya62;Dickerson.Norma;01:00:00;2014-02-03;000000000047727864;000000000074712425;053261;;;;137888634110;150,100;KG;KG;150,100;150,100;KG;0,000;9;9;2015-07-12;;throw hid end build island was;3405046;2630;;;;;;;;;;2108;;;;60;;2128-01-19;;;;B76;C;;0502001556;039;X;9113727;B0B;1;KG;-9,08;104,61;;;;;;;;;;
10000;2120;ui36;Newman.Tasha;01:00:00;2014-02-02;000000000075108167;;014873;;;;855333484610;315,240;TO;TO;315,240;315,240;TO;0,000;4;4;2013-03-16;;moved suspense on so visions library;3405047;2670;;;;;;;;;;2269;;;;70;;2128-01-25;;;;B46;C;;0272134539;02;X;9113727;B0B;1;TO;18,26;105.817,59;;;;;;;;;;
10000;2130;ui36;Newman.Tasha;01:00:00;2014-02-09;000000000075108167;;014873;;;;855333484610;351,170;TO;TO;351,170;351,170;TO;0,000;3;3;2013-03-16;;moved suspense on so visions library;3405047;2680;;;;;;;;;;9036;;;;70;;2128-01-16;B40;;;B28;C;;0113740853;062;X;2787926;B0B;1;TO;16,88;105.817,59;;;;;;;;;;
10000;2140;ui36;Rosario.Harold;01:00:00;2014-02-08;000000000075108167;;014873;;;;855333484610;388,280;TO;TO;388,280;388,280;TO;0,000;1;1;2013-03-16;;moved suspense on so visions library;3405047;2690;;;;;;;;;;9036;;;;30;;2128-01-14;B40;;;B87;C;;0113740853;054;X;8693017;B0B;1;TO;18,11;77.246,84;;;;;;;;;;
10000;2150;zf64;Hobbs.Mother;01:00:00;2014-02-09;000000000076443110;000000000073623171;040459;;;;705393052831;455,600;M3;M3;1.047,880;1.047,880;TO;0,000;-1;-1;2013-03-16;;wicket light in end out as much;3405047;2700;;;;;;;;;;5258;;;;30;;2128-01-04;;;;B87;C;;0986319638;093;X;2531828;B0B;1;M3;-35,43;105.817,59;;;;;;;;;;
10000;2160;zf64;Wilkerson.Fred;01:00:00;2014-02-06;000000000076443110;000000000073623171;040459;;;;165233504875;423,200;TO;TO;423,200;423,200;TO;0,000;-6;-6;2013-03-16;;wicket light in end out as much;3405047;2720;;;;;;;;;;5845;;;;40;;2128-01-25;B40;;;B98;C;;0605158831;07;X;2531828;B0B;1;TO;-17,60;105.817,59;;;;;;;;;;
10000;2170;zf64;Sanders.April;01:00:00;2014-02-06;000000000076443110;000000000073623171;040459;;;;061574361817;454,090;TO;TO;454,090;454,090;TO;0,000;0;0;2014-02-23;;wicket light in end out as much;3405048;2730;;;;;;;;;;5845;;;;70;;2128-02-21;B40;;;B82;C;;0475988651;030;X;1646940;B0B;1;TO;-17,28;17.780,45;;;;;;;;;;
10000;2180;zf64;Sanders.April;01:00:00;2014-02-14;000000000076443110;000000000073623171;040459;;;;061574361817;447,950;TO;TO;447,950;447,950;TO;0,000;0;0;2014-02-23;;wicket light in end out as much;3405048;2730;;;;;;;;;;5845;;;;70;;2128-01-03;B40;;;B82;C;;0475988651;054;X;1646940;B0B;1;TO;-17,28;84.668,83;;;;;;;;;;
10000;2190;zf64;Moss.Ricky;01:00:00;2014-02-06;000000000076443110;000000000073623171;040459;;;;061574361817;383,840;TO;TO;383,840;383,840;TO;0,000;0;0;2014-02-23;;wicket light in end out as much;3405048;2730;;;;;;;;;;5845;;;;70;;2128-03-15;B40;;;B82;C;;0475988651;054;X;8156249;B0B;1;TO;-1,73;84.668,83;;;;;;;;;;
10000;2200;ip32;Brewer.Thomas;01:00:00;2014-02-02;000000000058331245;;020727;;;;829470366661;267,790;TO;TO;267,790;267,790;TO;0,000;-4;-4;2014-02-23;;speed constantly it fire in sill;3405048;2740;;;;;;;;;;5845;;;;70;;2128-01-14;B44;;;B78;C;;0330701439;012;X;5183190;B0B;1;TO;120,41;84.668,83;;;;;;;;;;
10000;2210;ip32;Brewer.Thomas;01:00:00;2014-02-02;000000000058331245;;020727;;;;385664020273;538,700;TO;TO;538,700;538,700;TO;0,000;-1;-1;2014-02-23;;speed constantly it fire in sill;3405048;2750;;;;;;;;;;1324;;;;50;;2127-12-14;B44;;;B28;C;;0711638978;038;X;5183190;B0B;1;TO;-11,06;17.780,45;;;;;;;;;;
10000;2220;dq74;Calderon.Logan;01:00:00;2014-02-13;000000000010066348;000000000065701073;078204;;;;385664020273;297,300;M3;M3;683,790;683,790;TO;0,000;6;6;2014-02-23;;sill to badly trees want came automatically;3405048;2760;;;;;;;;;;6019;;;;50;;2128-02-05;;;;B28;C;;0711638978;095;X;8977202;B0B;1;M3;34,88;27.094,03;;;;;;;;;;
10000;2230;dq74;Prince.Molly;01:00:00;2014-02-05;000000000010066348;000000000065701073;078204;;;;385664020273;297,300;M3;M3;683,790;683,790;TO;0,000;6;6;2014-02-23;;sill to badly trees want came automatically;3405048;2760;;;;;;;;;;6019;;;;50;;2128-02-08;;;;B28;C;;0711638978;046;X;8977202;B0B;1;M3;151,64;49.107,92;;;;;;;;;;
10000;2240;lc83;Medina.Kristin;01:00:00;2014-02-02;000000000001459742;000000000075537879;028620;;;;979468891882;287,900;KG;KG;0,288;0,288;TO;0,000;0;0;2014-02-23;;are web they ending or with of;3405048;2790;;;;;;;;;;3574;;;;70;;2127-11-10;;;;B32;C;;0038100164;010;X;8977202;B0B;1;KG;-36,72;84.668,83;;;;;;;;;;
10000;2250;lc83;Medina.Kristin;01:00:00;2014-02-05;000000000001459742;000000000075537879;028620;;;;471543784326;329,000;KG;KG;0,329;0,329;TO;0,000;9;9;2014-02-23;;are web they ending or with of;3405048;2800;;;;;;;;;;3617;;;;10;;2128-01-02;;;;B32;C;;0262706999;070;X;8977202;B0B;1;KG;-1,78;84.668,83;;;;;;;;;;
10000;2260;lc83;Koch.Amber;01:00:00;2014-02-08;000000000001459742;000000000075537879;028620;;;;471543784326;373,080;KG;KG;0,373;0,373;TO;0,000;9;9;2014-02-23;;are web they ending or with of;3405048;2800;;;;;;;;;;3617;;;;10;;2128-01-11;;;;B32;C;;0262706999;093;X;8977202;B0B;1;KG;-1,78;66.041,69;;;;;;;;;;
10000;2270;lc83;Morin.Amber;01:00:00;2014-02-04;000000000001459742;000000000075537879;028620;;;;656100871900;265,550;TO;TO;265.550,000;265.550,000;KG;0,000;6;6;2014-02-23;;are web they ending or with of;3405048;2810;;;;;;;;;;8006;;;;60;;2128-01-29;;;B32;B32;C;;0262706999;093;X;8977202;B0B;1;TO;56,41;84.668,83;;;;;;;;;;
10000;2280;lc83;Hunt.Tristan;01:00:00;2014-02-03;000000000001459742;000000000075537879;028620;;;;552203964297;368,520;MIN;MIN;0,000;0,000;TO;0,000;4;4;2013-10-26;;are web they ending or with of;3405049;2830;;;;;;;;;;8010;;;;10;;2128-02-23;;;;B32;C;;0063406664;072;X;6847681;B0B;60;MIN;-20,53;35.770,18;;;;;;;;;;
10000;2290;lc83;Ashley.Paul;01:00:00;2014-02-02;000000000001459742;000000000075537879;028620;;;;552203964297;354,100;MIN;MIN;0,000;0,000;TO;0,000;4;4;2013-10-26;;are web they ending or with of;3405049;2830;;;;;;;;;;8010;;;;10;;2128-01-04;;;;B32;C;;0063406664;090;X;6847681;B0B;60;MIN;-20,53;58.639,64;;;;;;;;;;
10000;2300;lc83;Palmer.Ellen;01:00:00;2014-02-02;000000000001459742;000000000075537879;028620;;;;552203964297;270,150;MIN;MIN;0,000;0,000;TO;0,000;4;4;2013-10-26;;are web they ending or with of;3405049;2830;;;;;;;;;;8010;;;;10;;2127-11-14;;;;B32;C;;0063406664;046;X;6847681;B0B;60;MIN;-20,53;58.639,64;;;;;;;;;;
10000;2310;bd25;Snyder.Chuck;01:00:00;2014-02-03;000000000072184333;;050249;;;;854138043560;306,590;MIN;MIN;0,000;0,000;TO;0,000;-1;-1;2014-11-17;;found window constantly visions;3405050;2870;;;;;;;;;;8392;;;;10;;2128-03-03;;B00;;B72;C;;0788285917;091;X;6847681;B0B;60;MIN;-67,61;147.995,72;;;;;;;;;;
10000;2320;bd25;Vasquez.Courtney;01:00:00;2014-02-06;000000000072184333;;050249;;;;854138043560;250,250;MIN;MIN;0,000;0,000;TO;0,000;-1;-1;2014-11-17;;found window constantly visions;3405050;2870;;;;;;;;;;8392;;;;10;;2128-01-10;;B00;;B72;C;;0788285917;091;X;6847681;B0B;60;MIN;-67,61;147.995,72;;;;;;;;;;
10000;2330;xm84;Carey.Wyatt;01:00:00;2014-02-13;000000000077318155;000000000076740186;050701;;;;904522490018;381,300;M3;M3;0,381;0,381;KG;0,000;2;2;2014-11-17;;demanded constantly died waited;3405050;2900;;;;;;;;;;2477;;;;60;;2128-02-13;;B75;;B72;C;;0272134539;012;X;7593161;B0B;1;M3;128,09;16.279,53;;;;;;;;;;
10000;2340;xm84;Carey.Wyatt;01:00:00;2014-02-13;000000000077318155;000000000076740186;050701;;;;904522490018;261,050;M3;M3;0,261;0,261;KG;0,000;2;2;2014-11-17;;demanded constantly died waited;3405050;2900;;;;;;;;;;2477;;;;60;;2128-01-09;;B75;;B72;C;;0272134539;061;X;9922776;B0B;1;M3;128,09;147.995,72;;;;;;;;;;
10000;2350;ya02;Pennington.Donald;01:00:00;2014-02-03;000000000046134954;000000000079863444;017146;;;;904522490018;229,690;KG;KG;0,230;0,230;TO;0,000;0;0;2014-11-17;;lock pull through they hatch waited;3405050;2930;;;;;;;;;;9635;;;;80;;2128-01-20;;;;B53;C;;0272134539;074;X;9922776;B0B;1;KG;10,18;147.995,72;;;;;;;;;;
10000;2360;ya02;Perkins.Jesse;01:00:00;2014-02-08;000000000046134954;000000000079863444;017146;;;;904522490018;177,910;KG;KG;0,178;0,178;TO;0,000;0;0;2014-11-17;;lock pull through they hatch waited;3405050;2930;;;;;;;;;;9635;;;;80;;2128-02-18;;;;B53;C;;0272134539;05;X;9922776;B0B;1;KG;10,18;147.995,72;;;;;;;;;;
10000;2370;cq45;Chapman.Cassandra;01:00:00;2014-02-02;000000000077200857;000000000076254258;032153;;;;904522490018;454,900;M3;M3;1.046,270;1.046,270;TO;0,000;-11;-11;2013-08-02;;red of it hat probably island dad;3405051;2940;;;;;;;;;;2884;;;;10;;2128-01-30;;;;B97;C;;0617070113;05;X;4235900;B0B;1;M3;142,17;95.903,09;;;;;;;;;;
10000;2380;kx46;Benson.Marsha;01:00:00;2014-02-12;000000000020663153;000000000079941730;084961;;;;904522490018;321,720;M3;M3;739,956;739,956;TO;0,000;2;2;2013-08-02;;in a open lost from hat smoke about;3405051;2950;;;;;;;;;;2884;;;;0;;2128-01-04;;B38;;B26;C;;0617070113;052;X;4235900;B0B;1;M3;136,16;46.298,04;;;;;;;;;;
10000;2390;mg02;Benson.Marsha;01:00:00;2014-02-07;000000000067044045;000000000070529393;005466;;;;686066565946;349,080;TO;TO;349,080;349,080;TO;0,000;2;2;2014-08-25;;days hot have something where want;3405052;2980;;;;;;;;;;3021;;;;50;;2128-02-22;B69;;;B26;C;;0574104246;093;X;6606386;B0B;1;TO;26,18;128.285,42;;;;;;;;;;
10000;2400;mg02;Wilder.Arthur;01:00:00;2014-02-02;000000000067044045;000000000070529393;005466;;;;686066565946;412,120;TO;TO;412,120;412,120;TO;0,000;2;2;2014-08-25;;days hot have something where want;3405052;2980;;;;;;;;;;3021;;;;50;;2127-12-23;B69;;;B26;C;;0574104246;011;X;763621;B0B;1;TO;26,18;128.285,42;;;;;;;;;;
10000;2410;oc67;Moran.Mariah;01:00:00;2014-02-07;000000000037488332;000000000065790721;052552;;;;727341554577;240,800;KG;KG;240,800;240,800;KG;0,000;-2;-2;2014-08-25;;books a keys this what window or maybe;3405052;2990;;;;;;;;;;4077;;;;50;;2128-01-05;B85;;;B43;C;;0609120111;011;X;763621;B0B;1;KG;11,97;128.285,42;;;;;;;;;;
10000;2420;zf64;Wade.Cindy;01:00:00;2014-02-06;000000000076443110;000000000073623171;040459;;;;727341554577;322,000;KG;KG;0,322;0,322;TO;0,000;7;7;2014-08-25;;wicket light in end out as much;3405052;3000;;;;;;;;;;4077;;;;50;;2128-01-19;B85;;;B43;C;;0606597861;011;X;6677129;B0B;1;KG;89,61;47.465,61;;;;;;;;;;
10000;2430;zf64;Cross.Christoph;01:00:00;2014-02-11;000000000076443110;000000000073623171;040459;;;;727341554577;396,260;KG;KG;0,396;0,396;TO;0,000;7;7;2014-08-25;;wicket light in end out as much;3405052;3000;;;;;;;;;;4077;;;;50;;2128-03-13;B85;;;B43;C;;0606597861;083;X;6677129;B0B;1;KG;89,61;62.859,86;;;;;;;;;;
10000;2440;zf64;House.Jeremiah;01:00:00;2014-02-03;000000000076443110;000000000073623171;040459;;;;877127364093;349,830;KG;KG;0,350;0,350;TO;0,000;0;0;2014-08-25;;wicket light in end out as much;3405052;3010;;;;;;;;;;2136;;;;70;;2128-02-10;B85;B72;;B43;C;;0620690214;063;X;9405010;B0B;1;KG;-31,68;128.285,42;;;;;;;;;;
10000;2450;zf64;Brooks.Derek;01:00:00;2014-02-02;000000000076443110;000000000073623171;040459;;;;984308738995;261,610;KG;KG;0,262;0,262;TO;0,000;3;3;2014-08-25;;wicket light in end out as much;3405052;3020;;;;;;;;;;7897;;;;70;;2128-02-05;;B72;B88;B51;C;;0004384636;01;X;2668048;B0B;1;KG;52,83;35.919,92;;;;;;;;;;
10000;2460;ea16;Shaffer.Shirley;01:00:00;2014-02-02;000000000033737421;000000000072651635;079823;;;;984308738995;305,680;KG;KG;305,680;305,680;KG;0,000;-2;-2;2014-08-25;;in man room cold banging open it;3405052;3040;;;;;;;;;;1512;;;;20;;2128-02-23;;B72;B88;B59;C;;0385672642;037;X;2668048;B0B;1;KG;47,46;128.285,42;;;;;;;;;;
10000;2470;oh13;Cain.Andrea;01:00:00;2014-02-10;000000000018770406;000000000073809984;056233;;;;047742843453;318,230;M3;M3;0,318;0,318;KG;0,000;4;4;2014-08-25;;code boon of to in suspense world;3405052;3050;;;;;;;;;;2464;;;;20;;2128-02-17;;B84;;B59;C;;0449579145;086;X;2668048;B0B;1;M3;244,98;128.285,42;;;;;;;;;;
10000;2480;oh13;Tyler.Amanda;01:00:00;2014-02-07;000000000018770406;000000000073809984;056233;;;;047742843453;389,800;M3;M3;0,390;0,390;KG;0,000;4;4;2014-08-25;;code boon of to in suspense world;3405052;3050;;;;;;;;;;2464;;;;20;;2128-02-17;;B84;;B59;C;;0449579145;086;X;2668048;B0B;1;M3;244,98;128.285,42;;;;;;;;;;
10000;2490;oh13;Tyler.Amanda;01:00:00;2014-02-10;000000000018770406;000000000073809984;056233;;;;047742843453;389,800;M3;M3;0,390;0,390;KG;0,000;4;4;2014-08-25;;code boon of to in suspense world;3405052;3050;;;;;;;;;;2464;;;;20;;2127-12-13;;B84;;B59;C;;0449579145;086;X;8333755;B0B;1;M3;244,98;128.285,42;;;;;;;;;;
10000;2500;lx59;Decker.Dean;01:00:00;2014-02-03;000000000073561246;000000000064648260;048099;;;;052635755818;333,190;MIN;MIN;0,333;0,333;KG;0,000;-2;-2;2014-07-07;;waited hid text badly died while;3405053;3080;;;;;;;;;;5693;;;;80;;2127-11-04;;;;B97;C;;0544226192;086;X;7765859;B0B;60;MIN;24,49;27,32;;;;;;;;;;
10000;2510;vl20;McGowan.Joann;01:00:00;2014-02-06;000000000003629164;000000000079185860;014420;;;;196858502721;237,480;KG;KG;237,480;237,480;KG;0,000;6;6;2014-07-07;;ghost it demanded magnetic came;3405053;3090;;;;;;;;;;4692;;;;20;;2128-02-07;;;;B97;C;;0544226192;07;X;7801357;B0B;1;KG;48,29;15,30;;;;;;;;;;
10000;2520;vl20;Schmidt.Vernon;01:00:00;2014-02-05;000000000003629164;000000000079185860;014420;;;;196858502721;391,890;KG;KG;391,890;391,890;KG;0,000;6;6;2014-07-07;;ghost it demanded magnetic came;3405053;3090;;;;;;;;;;4692;;;;20;;2127-12-18;;;;B97;C;;0544226192;07;X;3788198;B0B;1;KG;63,54;17,48;;;;;;;;;;
10000;2530;ui36;Walters.Rochelle;01:00:00;2014-02-05;000000000075108167;;014873;;;;708475293876;319,200;TO;TO;319,200;319,200;TO;0,000;5;5;2013-11-22;;moved suspense on so visions library;3405054;3130;;;;;;;;;;4419;;;;30;;2128-01-26;;;;B89;C;;0121747122;07;X;6477023;B0B;1;TO;-40,71;56.190,60;;;;;;;;;;
